date,sydney_tgp
2004-01-01,86.3
2004-01-02,86.3
2004-01-05,86.4
2004-01-06,86.8
2004-01-07,86.7
2004-01-08,86.7
2004-01-09,87.7
2004-01-12,87.8
2004-01-13,88.9
2004-01-14,89.0
2004-01-15,89.0
2004-01-16,90.1
2004-01-19,90.2
2004-01-20,90.1
2004-01-21,89.9
2004-01-22,89.9
2004-01-23,88.7
2004-01-26,88.6
2004-01-27,88.6
2004-01-28,87.5
2004-01-29,87.5
2004-01-30,86.4
2004-02-02,86.2
2004-02-03,85.6
2004-02-04,85.6
2004-02-05,85.7
2004-02-06,85.1
2004-02-09,85.0
2004-02-10,84.4
2004-02-11,84.3
2004-02-12,84.3
2004-02-13,83.2
2004-02-16,83.0
2004-02-17,82.4
2004-02-18,82.5
2004-02-19,82.5
2004-02-20,82.8
2004-02-23,82.9
2004-02-24,84.1
2004-02-25,84.2
2004-02-26,84.4
2004-02-27,86.4
2004-03-01,86.4
2004-03-02,87.7
2004-03-03,87.5
2004-03-04,87.6
2004-03-05,88.5
2004-03-08,88.6
2004-03-09,88.8
2004-03-10,89.3
2004-03-11,89.3
2004-03-12,89.5
2004-03-15,89.5
2004-03-16,89.7
2004-03-17,89.9
2004-03-18,89.9
2004-03-19,89.8
2004-03-22,90.1
2004-03-23,90.1
2004-03-24,90.1
2004-03-25,90.1
2004-03-26,89.6
2004-03-29,89.6
2004-03-30,89.6
2004-03-31,89.6
2004-04-01,89.6
2004-04-02,89.9
2004-04-05,89.9
2004-04-06,89.6
2004-04-07,89.6
2004-04-08,89.6
2004-04-09,89.1
2004-04-12,89.1
2004-04-13,89.1
2004-04-14,89.1
2004-04-15,88.9
2004-04-16,88.7
2004-04-19,88.7
2004-04-20,89.1
2004-04-21,89.1
2004-04-22,89.1
2004-04-23,89.5
2004-04-26,89.5
2004-04-27,89.5
2004-04-28,89.9
2004-04-29,89.9
2004-04-30,90.2
2004-05-03,90.2
2004-05-04,91.1
2004-05-05,91.1
2004-05-06,91.1
2004-05-07,93.0
2004-05-10,93.0
2004-05-11,94.7
2004-05-12,94.7
2004-05-13,94.7
2004-05-14,95.8
2004-05-17,95.8
2004-05-18,96.5
2004-05-19,96.5
2004-05-20,96.5
2004-05-21,98.0
2004-05-24,98.0
2004-05-25,99.2
2004-05-26,99.2
2004-05-27,99.2
2004-05-28,99.3
2004-05-31,99.3
2004-06-01,98.6
2004-06-02,98.4
2004-06-03,98.4
2004-06-04,98.0
2004-06-07,98.0
2004-06-08,98.2
2004-06-09,98.2
2004-06-10,98.2
2004-06-11,96.9
2004-06-14,96.9
2004-06-15,96.9
2004-06-16,94.9
2004-06-17,94.9
2004-06-18,93.8
2004-06-21,93.8
2004-06-22,94.0
2004-06-23,94.0
2004-06-24,94.0
2004-06-25,93.7
2004-06-28,93.7
2004-06-29,93.6
2004-06-30,93.6
2004-07-01,93.6
2004-07-02,91.8
2004-07-05,91.8
2004-07-06,90.9
2004-07-07,90.9
2004-07-08,90.9
2004-07-09,91.3
2004-07-12,91.3
2004-07-13,92.7
2004-07-14,92.7
2004-07-15,92.7
2004-07-16,93.3
2004-07-19,93.6
2004-07-20,93.6
2004-07-21,93.6
2004-07-22,93.6
2004-07-23,93.4
2004-07-26,93.4
2004-07-27,93.8
2004-07-28,93.8
2004-07-29,93.8
2004-07-30,94.8
2004-08-02,94.8
2004-08-03,96.1
2004-08-04,96.1
2004-08-05,96.1
2004-08-06,97.5
2004-08-09,97.5
2004-08-10,98.5
2004-08-11,98.5
2004-08-12,98.5
2004-08-13,98.5
2004-08-16,98.5
2004-08-17,98.5
2004-08-18,98.5
2004-08-19,98.5
2004-08-20,98.8
2004-08-23,98.8
2004-08-24,99.6
2004-08-25,99.6
2004-08-26,99.6
2004-08-27,99.4
2004-08-30,99.4
2004-08-31,99.5
2004-09-01,99.4
2004-09-02,99.3
2004-09-03,97.9
2004-09-06,97.7
2004-09-07,97.2
2004-09-08,97.2
2004-09-09,97.2
2004-09-10,96.9
2004-09-13,96.9
2004-09-14,97.1
2004-09-15,97.1
2004-09-16,97.1
2004-09-17,96.9
2004-09-20,96.9
2004-09-21,96.7
2004-09-22,96.7
2004-09-23,96.7
2004-09-24,96.9
2004-09-27,96.9
2004-09-28,97.1
2004-09-29,97.2
2004-09-30,97.3
2004-10-01,98.2
2004-10-04,98.3
2004-10-05,98.6
2004-10-06,98.6
2004-10-07,98.8
2004-10-08,99.4
2004-10-11,99.5
2004-10-12,99.9
2004-10-13,100.1
2004-10-14,100.2
2004-10-15,101.5
2004-10-18,101.6
2004-10-19,102.1
2004-10-20,102.1
2004-10-21,102.1
2004-10-22,102.0
2004-10-25,102.0
2004-10-26,101.6
2004-10-27,101.7
2004-10-28,101.5
2004-10-29,101.2
2004-11-01,101.2
2004-11-02,101.2
2004-11-03,101.0
2004-11-04,101.0
2004-11-05,100.2
2004-11-08,100.2
2004-11-09,99.5
2004-11-10,99.5
2004-11-11,99.5
2004-11-12,98.3
2004-11-15,98.3
2004-11-16,97.9
2004-11-17,97.7
2004-11-18,97.7
2004-11-19,96.6
2004-11-22,96.6
2004-11-23,95.8
2004-11-24,95.8
2004-11-25,95.8
2004-11-26,95.7
2004-11-29,95.7
2004-11-30,95.9
2004-12-01,96.0
2004-12-02,96.0
2004-12-03,96.1
2004-12-06,95.8
2004-12-07,95.1
2004-12-08,95.1
2004-12-09,94.6
2004-12-10,92.1
2004-12-13,91.9
2004-12-14,90.1
2004-12-15,90.0
2004-12-16,90.0
2004-12-17,89.2
2004-12-20,89.2
2004-12-21,90.0
2004-12-22,90.0
2004-12-23,90.0
2004-12-24,90.5
2004-12-27,90.5
2004-12-28,90.5
2004-12-29,90.3
2004-12-30,90.3
2004-12-31,89.6
2005-01-03,89.6
2005-01-04,89.6
2005-01-05,89.7
2005-01-06,89.8
2005-01-07,89.4
2005-01-10,89.4
2005-01-11,89.9
2005-01-12,90.0
2005-01-13,90.1
2005-01-14,91.2
2005-01-17,91.4
2005-01-18,92.6
2005-01-19,92.7
2005-01-20,92.9
2005-01-21,94.7
2005-01-24,94.8
2005-01-25,95.3
2005-01-26,95.4
2005-01-27,95.4
2005-01-28,95.9
2005-01-31,96.0
2005-02-01,96.3
2005-02-02,96.3
2005-02-03,96.3
2005-02-04,96.5
2005-02-07,96.5
2005-02-08,96.2
2005-02-09,96.1
2005-02-10,96.1
2005-02-11,95.8
2005-02-14,95.7
2005-02-15,95.8
2005-02-16,95.8
2005-02-17,95.9
2005-02-18,96.8
2005-02-21,96.9
2005-02-22,97.8
2005-02-23,97.9
2005-02-24,98.1
2005-02-25,99.9
2005-02-28,100.0
2005-03-01,101.1
2005-03-02,101.2
2005-03-03,101.2
2005-03-04,101.8
2005-03-07,101.8
2005-03-08,102.0
2005-03-09,102.0
2005-03-10,102.0
2005-03-11,102.4
2005-03-14,102.4
2005-03-15,102.9
2005-03-16,103.0
2005-03-17,102.9
2005-03-18,102.7
2005-03-21,102.7
2005-03-22,102.7
2005-03-23,102.6
2005-03-24,102.7
2005-03-25,102.9
2005-03-28,102.9
2005-03-29,102.9
2005-03-30,103.0
2005-03-31,103.3
2005-04-01,104.0
2005-04-04,104.1
2005-04-05,104.6
2005-04-06,104.8
2005-04-07,105.0
2005-04-08,106.6
2005-04-11,106.8
2005-04-12,108.0
2005-04-13,108.1
2005-04-14,108.1
2005-04-15,107.4
2005-04-18,107.3
2005-04-19,106.4
2005-04-20,106.2
2005-04-21,106.1
2005-04-22,105.1
2005-04-25,105.0
2005-04-26,105.0
2005-04-27,104.8
2005-04-28,104.7
2005-04-29,104.4
2005-05-02,104.3
2005-05-03,103.5
2005-05-04,103.3
2005-05-05,103.2
2005-05-06,101.5
2005-05-09,101.5
2005-05-10,100.5
2005-05-11,100.5
2005-05-12,100.4
2005-05-13,99.9
2005-05-16,99.9
2005-05-17,99.8
2005-05-18,99.7
2005-05-19,99.7
2005-05-20,99.3
2005-05-23,99.2
2005-05-24,98.6
2005-05-25,98.6
2005-05-26,98.5
2005-05-27,98.4
2005-05-30,98.5
2005-05-31,98.8
2005-06-01,98.9
2005-06-02,98.9
2005-06-03,99.7
2005-06-06,99.8
2005-06-07,100.8
2005-06-08,100.9
2005-06-09,101.0
2005-06-10,101.4
2005-06-13,101.5
2005-06-14,101.5
2005-06-15,101.8
2005-06-16,101.9
2005-06-17,102.2
2005-06-20,102.2
2005-06-21,102.7
2005-06-22,102.8
2005-06-23,103.0
2005-06-24,104.0
2005-06-27,104.0
2005-06-28,104.2
2005-06-29,104.3
2005-06-30,104.4
2005-07-01,105.3
2005-07-04,105.3
2005-07-05,105.4
2005-07-06,105.6
2005-07-07,105.7
2005-07-08,107.1
2005-07-11,107.4
2005-07-12,108.9
2005-07-13,109.0
2005-07-14,109.2
2005-07-15,110.3
2005-07-18,110.3
2005-07-19,110.3
2005-07-20,110.2
2005-07-21,110.1
2005-07-22,109.7
2005-07-25,109.7
2005-07-26,109.7
2005-07-27,109.7
2005-07-28,109.8
2005-07-29,110.3
2005-08-01,110.4
2005-08-02,110.8
2005-08-03,110.8
2005-08-04,110.9
2005-08-05,111.8
2005-08-08,111.8
2005-08-09,112.3
2005-08-10,112.5
2005-08-11,112.6
2005-08-12,114.0
2005-08-15,114.1
2005-08-16,115.2
2005-08-17,115.4
2005-08-18,115.5
2005-08-19,116.4
2005-08-22,116.4
2005-08-23,116.3
2005-08-24,116.3
2005-08-25,116.4
2005-08-26,117.1
2005-08-29,117.2
2005-08-30,118.5
2005-08-31,118.7
2005-09-01,119.1
2005-09-02,122.9
2005-09-05,123.4
2005-09-06,127.1
2005-09-07,127.4
2005-09-08,128.2
2005-09-09,130.0
2005-09-12,130.0
2005-09-13,129.0
2005-09-14,128.7
2005-09-15,128.3
2005-09-16,125.0
2005-09-19,124.8
2005-09-20,123.3
2005-09-21,123.0
2005-09-22,123.0
2005-09-23,122.1
2005-09-26,122.2
2005-09-27,122.2
2005-09-28,122.1
2005-09-29,122.1
2005-09-30,122.0
2005-10-03,122.2
2005-10-04,122.0
2005-10-05,121.8
2005-10-06,121.8
2005-10-07,121.2
2005-10-10,121.0
2005-10-11,120.1
2005-10-12,120.0
2005-10-13,119.8
2005-10-14,118.7
2005-10-17,118.7
2005-10-18,118.8
2005-10-19,118.8
2005-10-20,118.9
2005-10-21,119.1
2005-10-24,119.0
2005-10-25,118.2
2005-10-26,117.8
2005-10-27,117.5
2005-10-28,114.8
2005-10-31,114.6
2005-11-01,113.3
2005-11-02,113.2
2005-11-03,113.2
2005-11-04,112.5
2005-11-07,112.3
2005-11-08,112.6
2005-11-09,112.5
2005-11-10,112.5
2005-11-11,112.8
2005-11-14,112.8
2005-11-15,112.7
2005-11-16,112.5
2005-11-17,112.3
2005-11-18,111.2
2005-11-21,111.1
2005-11-22,110.4
2005-11-23,110.3
2005-11-24,110.2
2005-11-25,109.8
2005-11-28,109.5
2005-11-29,109.3
2005-11-30,109.0
2005-12-01,108.7
2005-12-02,107.3
2005-12-05,107.1
2005-12-06,106.3
2005-12-07,106.4
2005-12-08,106.4
2005-12-09,106.7
2005-12-12,106.8
2005-12-13,107.9
2005-12-14,107.8
2005-12-15,108.1
2005-12-16,109.3
2005-12-19,109.2
2005-12-20,109.9
2005-12-21,109.9
2005-12-22,109.8
2005-12-23,109.8
2005-12-26,109.8
2005-12-27,109.8
2005-12-28,109.8
2005-12-29,109.6
2005-12-30,109.4
2006-01-02,109.7
2006-01-03,109.7
2006-01-04,111.3
2006-01-05,111.6
2006-01-06,113.2
2006-01-09,113.1
2006-01-10,114.5
2006-01-11,114.8
2006-01-12,115.0
2006-01-13,115.6
2006-01-16,115.3
2006-01-17,114.7
2006-01-18,114.3
2006-01-19,114.2
2006-01-20,114.4
2006-01-23,114.5
2006-01-24,115.3
2006-01-25,115.3
2006-01-26,115.4
2006-01-27,116.0
2006-01-30,116.1
2006-01-31,116.4
2006-02-01,116.3
2006-02-02,116.2
2006-02-03,115.5
2006-02-06,115.2
2006-02-07,114.2
2006-02-08,114.2
2006-02-09,113.7
2006-02-10,112.8
2006-02-13,112.6
2006-02-14,112.6
2006-02-15,112.4
2006-02-16,112.4
2006-02-17,111.8
2006-02-20,111.8
2006-02-21,112.4
2006-02-22,112.8
2006-02-23,113.0
2006-02-24,113.7
2006-02-27,113.8
2006-02-28,114.5
2006-03-01,114.6
2006-03-02,114.3
2006-03-03,114.7
2006-03-06,114.9
2006-03-07,115.6
2006-03-08,115.6
2006-03-09,115.4
2006-03-10,115.8
2006-03-13,115.6
2006-03-14,116.0
2006-03-15,116.5
2006-03-16,116.8
2006-03-17,117.2
2006-03-20,116.8
2006-03-21,117.4
2006-03-22,117.4
2006-03-23,116.9
2006-03-24,117.5
2006-03-27,117.5
2006-03-28,117.7
2006-03-29,118.1
2006-03-30,118.4
2006-03-31,119.5
2006-04-03,120.0
2006-04-04,120.9
2006-04-05,121.2
2006-04-06,121.1
2006-04-07,122.8
2006-04-10,123.1
2006-04-11,123.3
2006-04-12,123.7
2006-04-13,124.1
2006-04-14,125.3
2006-04-17,125.3
2006-04-18,125.3
2006-04-19,125.9
2006-04-20,127.6
2006-04-21,129.1
2006-04-24,129.3
2006-04-25,129.9
2006-04-26,130.5
2006-04-27,130.7
2006-04-28,131.3
2006-05-01,131.3
2006-05-02,131.4
2006-05-03,131.4
2006-05-04,132.8
2006-05-05,133.4
2006-05-08,133.3
2006-05-09,131.5
2006-05-10,131.5
2006-05-11,131.8
2006-05-12,131.8
2006-05-15,132.5
2006-05-16,132.1
2006-05-17,132.4
2006-05-18,132.0
2006-05-19,132.2
2006-05-22,131.9
2006-05-23,132.7
2006-05-24,132.8
2006-05-25,133.3
2006-05-26,132.9
2006-05-29,132.8
2006-05-30,132.9
2006-05-31,132.9
2006-06-01,132.5
2006-06-02,132.3
2006-06-05,132.3
2006-06-06,131.6
2006-06-07,132.2
2006-06-08,132.1
2006-06-09,132.1
2006-06-12,131.0
2006-06-13,131.0
2006-06-14,131.2
2006-06-15,130.8
2006-06-16,130.2
2006-06-19,130.2
2006-06-20,129.5
2006-06-21,129.1
2006-06-22,129.3
2006-06-23,128.1
2006-06-26,128.3
2006-06-27,128.1
2006-06-28,128.1
2006-06-29,129.0
2006-06-30,129.7
2006-07-03,130.7
2006-07-04,132.1
2006-07-05,132.1
2006-07-06,131.4
2006-07-07,132.3
2006-07-10,132.5
2006-07-11,132.5
2006-07-12,132.1
2006-07-13,132.1
2006-07-14,131.1
2006-07-17,131.6
2006-07-18,132.3
2006-07-19,132.4
2006-07-20,131.6
2006-07-21,132.3
2006-07-24,132.3
2006-07-25,132.2
2006-07-26,132.5
2006-07-27,132.5
2006-07-28,131.6
2006-07-31,131.3
2006-08-01,131.2
2006-08-02,130.8
2006-08-03,131.4
2006-08-04,131.9
2006-08-07,132.1
2006-08-08,132.8
2006-08-09,133.0
2006-08-10,132.8
2006-08-11,133.8
2006-08-14,133.2
2006-08-15,131.8
2006-08-16,131.5
2006-08-17,131.3
2006-08-18,129.0
2006-08-21,128.4
2006-08-22,127.2
2006-08-23,127.1
2006-08-24,126.8
2006-08-25,126.3
2006-08-28,126.2
2006-08-29,125.7
2006-08-30,125.7
2006-08-31,125.7
2006-09-01,124.1
2006-09-04,123.6
2006-09-05,122.3
2006-09-06,121.9
2006-09-07,121.9
2006-09-08,119.0
2006-09-11,118.1
2006-09-12,116.3
2006-09-13,116.3
2006-09-14,116.3
2006-09-15,115.1
2006-09-18,114.7
2006-09-19,114.3
2006-09-20,114.1
2006-09-21,114.1
2006-09-22,113.6
2006-09-25,113.4
2006-09-26,113.0
2006-09-27,113.0
2006-09-28,113.0
2006-09-29,112.4
2006-10-02,112.6
2006-10-03,112.5
2006-10-04,112.6
2006-10-05,112.6
2006-10-06,112.3
2006-10-09,112.3
2006-10-10,111.9
2006-10-11,111.9
2006-10-12,111.9
2006-10-13,111.3
2006-10-16,111.3
2006-10-17,110.8
2006-10-18,110.8
2006-10-19,110.8
2006-10-20,110.0
2006-10-23,110.0
2006-10-24,109.4
2006-10-25,109.4
2006-10-26,109.4
2006-10-27,108.3
2006-10-30,108.3
2006-10-31,108.2
2006-11-01,108.1
2006-11-02,108.1
2006-11-03,107.3
2006-11-06,107.0
2006-11-07,106.6
2006-11-08,106.2
2006-11-09,106.2
2006-11-10,105.9
2006-11-13,105.8
2006-11-14,106.9
2006-11-15,107.2
2006-11-16,107.2
2006-11-17,108.1
2006-11-20,108.4
2006-11-21,108.4
2006-11-22,108.4
2006-11-23,108.4
2006-11-24,108.4
2006-11-27,108.4
2006-11-28,108.6
2006-11-29,108.6
2006-11-30,108.7
2006-12-01,109.2
2006-12-04,109.3
2006-12-05,110.1
2006-12-06,110.3
2006-12-07,110.3
2006-12-08,111.1
2006-12-11,111.4
2006-12-12,111.4
2006-12-13,111.4
2006-12-14,111.4
2006-12-15,111.3
2006-12-18,111.3
2006-12-19,112.5
2006-12-20,112.5
2006-12-21,112.5
2006-12-22,113.7
2006-12-25,113.9
2006-12-26,113.9
2006-12-27,113.9
2006-12-28,114.3
2006-12-29,114.7
2007-01-01,114.7
2007-01-02,114.7
2007-01-03,114.5
2007-01-04,114.5
2007-01-05,114.0
2007-01-08,113.8
2007-01-09,112.2
2007-01-10,111.6
2007-01-11,111.6
2007-01-12,110.7
2007-01-15,110.4
2007-01-16,109.1
2007-01-17,108.7
2007-01-18,108.7
2007-01-19,107.4
2007-01-22,106.9
2007-01-23,106.0
2007-01-24,105.7
2007-01-25,105.5
2007-01-26,105.8
2007-01-29,105.8
2007-01-30,106.4
2007-01-31,106.8
2007-02-01,106.4
2007-02-02,108.5
2007-02-05,108.6
2007-02-06,109.8
2007-02-07,109.8
2007-02-08,109.8
2007-02-09,110.6
2007-02-12,110.7
2007-02-13,110.8
2007-02-14,110.8
2007-02-15,110.8
2007-02-16,110.4
2007-02-19,110.2
2007-02-20,110.2
2007-02-21,110.2
2007-02-22,110.2
2007-02-23,110.9
2007-02-26,110.9
2007-02-27,112.8
2007-02-28,112.8
2007-03-01,113.6
2007-03-02,115.0
2007-03-05,115.3
2007-03-06,116.9
2007-03-07,116.9
2007-03-08,118.3
2007-03-09,119.8
2007-03-12,120.1
2007-03-13,120.6
2007-03-14,121.4
2007-03-15,121.6
2007-03-16,121.7
2007-03-19,121.7
2007-03-20,121.2
2007-03-21,120.9
2007-03-22,120.7
2007-03-23,119.5
2007-03-26,119.0
2007-03-27,118.5
2007-03-28,118.4
2007-03-29,118.6
2007-03-30,119.1
2007-04-02,119.3
2007-04-03,120.3
2007-04-04,120.6
2007-04-05,120.8
2007-04-06,121.4
2007-04-09,121.4
2007-04-10,121.4
2007-04-11,121.8
2007-04-12,122.2
2007-04-13,122.3
2007-04-16,122.3
2007-04-17,122.4
2007-04-18,122.4
2007-04-19,122.5
2007-04-20,122.2
2007-04-23,122.1
2007-04-24,121.8
2007-04-25,121.7
2007-04-26,121.7
2007-04-27,122.3
2007-04-30,122.6
2007-05-01,123.5
2007-05-02,123.9
2007-05-03,124.1
2007-05-04,125.1
2007-05-07,125.5
2007-05-08,125.9
2007-05-09,126.0
2007-05-10,126.0
2007-05-11,125.9
2007-05-14,125.9
2007-05-15,126.2
2007-05-16,126.3
2007-05-17,126.4
2007-05-18,127.2
2007-05-21,127.5
2007-05-22,128.8
2007-05-23,128.8
2007-05-24,129.1
2007-05-25,129.7
2007-05-28,130.0
2007-05-29,130.0
2007-05-30,130.0
2007-05-31,129.8
2007-06-01,129.2
2007-06-04,128.5
2007-06-05,127.4
2007-06-06,126.9
2007-06-07,126.7
2007-06-08,125.5
2007-06-11,125.0
2007-06-12,124.9
2007-06-13,123.9
2007-06-14,123.5
2007-06-15,122.9
2007-06-18,122.6
2007-06-19,122.4
2007-06-20,122.3
2007-06-21,122.2
2007-06-22,122.0
2007-06-25,121.9
2007-06-26,121.8
2007-06-27,121.7
2007-06-28,121.7
2007-06-29,122.1
2007-07-02,122.3
2007-07-03,122.8
2007-07-04,123.0
2007-07-05,123.3
2007-07-06,124.0
2007-07-09,124.0
2007-07-10,124.2
2007-07-11,124.2
2007-07-12,124.3
2007-07-13,124.2
2007-07-16,124.1
2007-07-17,123.7
2007-07-18,123.6
2007-07-19,123.4
2007-07-20,121.5
2007-07-23,121.4
2007-07-24,120.3
2007-07-25,120.1
2007-07-26,119.9
2007-07-27,118.4
2007-07-30,118.3
2007-07-31,118.1
2007-08-01,118.1
2007-08-02,118.1
2007-08-03,118.6
2007-08-06,118.6
2007-08-07,118.6
2007-08-08,118.5
2007-08-09,118.3
2007-08-10,117.6
2007-08-13,116.5
2007-08-14,115.7
2007-08-15,115.7
2007-08-16,115.5
2007-08-17,115.6
2007-08-20,116.4
2007-08-21,117.2
2007-08-22,117.3
2007-08-23,117.5
2007-08-24,118.1
2007-08-27,118.4
2007-08-28,118.0
2007-08-29,117.9
2007-08-30,117.8
2007-08-31,117.9
2007-09-03,118.0
2007-09-04,118.8
2007-09-05,119.1
2007-09-06,119.3
2007-09-07,120.1
2007-09-10,120.2
2007-09-11,120.4
2007-09-12,120.4
2007-09-13,120.4
2007-09-14,120.4
2007-09-17,120.4
2007-09-18,120.5
2007-09-19,120.5
2007-09-20,120.6
2007-09-21,121.2
2007-09-24,121.3
2007-09-25,121.6
2007-09-26,121.7
2007-09-27,121.6
2007-09-28,121.4
2007-10-01,121.2
2007-10-02,120.3
2007-10-03,120.1
2007-10-04,119.8
2007-10-05,118.1
2007-10-08,117.9
2007-10-09,117.6
2007-10-10,117.5
2007-10-11,117.4
2007-10-12,117.3
2007-10-15,117.5
2007-10-16,118.3
2007-10-17,118.5
2007-10-18,118.8
2007-10-19,120.3
2007-10-22,120.7
2007-10-23,121.6
2007-10-24,121.8
2007-10-25,121.9
2007-10-26,122.3
2007-10-29,122.3
2007-10-30,122.6
2007-10-31,122.7
2007-11-01,122.8
2007-11-02,123.3
2007-11-05,123.4
2007-11-06,124.0
2007-11-07,124.1
2007-11-08,124.3
2007-11-09,125.5
2007-11-12,125.6
2007-11-13,126.3
2007-11-14,126.6
2007-11-15,126.8
2007-11-16,127.7
2007-11-19,127.8
2007-11-20,128.2
2007-11-21,128.4
2007-11-22,128.8
2007-11-23,130.0
2007-11-26,130.1
2007-11-27,131.5
2007-11-28,132.0
2007-11-29,132.3
2007-11-30,133.2
2007-12-03,133.4
2007-12-04,133.0
2007-12-05,132.6
2007-12-06,132.4
2007-12-07,131.2
2007-12-10,130.4
2007-12-11,130.0
2007-12-12,129.8
2007-12-13,129.8
2007-12-14,129.9
2007-12-17,130.1
2007-12-18,130.8
2007-12-19,131.1
2007-12-20,131.3
2007-12-21,132.6
2007-12-24,132.7
2007-12-25,133.0
2007-12-26,133.0
2007-12-27,133.0
2007-12-28,133.1
2007-12-31,133.1
2008-01-01,133.9
2008-01-02,133.9
2008-01-03,134.1
2008-01-04,134.9
2008-01-07,135.0
2008-01-08,135.8
2008-01-09,136.2
2008-01-10,136.2
2008-01-11,136.0
2008-01-14,136.0
2008-01-15,135.1
2008-01-16,134.5
2008-01-17,134.3
2008-01-18,131.8
2008-01-21,131.6
2008-01-22,130.6
2008-01-23,130.1
2008-01-24,130.0
2008-01-25,129.7
2008-01-28,129.5
2008-01-29,129.5
2008-01-30,129.8
2008-01-31,129.9
2008-02-01,130.7
2008-02-04,130.7
2008-02-05,130.8
2008-02-06,130.7
2008-02-07,130.6
2008-02-08,129.4
2008-02-11,129.3
2008-02-12,128.8
2008-02-13,128.8
2008-02-14,128.9
2008-02-15,129.7
2008-02-18,129.9
2008-02-19,130.6
2008-02-20,130.9
2008-02-21,131.1
2008-02-22,132.5
2008-02-25,132.7
2008-02-26,133.5
2008-02-27,133.8
2008-02-28,133.9
2008-02-29,134.6
2008-03-03,134.6
2008-03-04,134.4
2008-03-05,134.3
2008-03-06,134.3
2008-03-07,133.7
2008-03-10,133.7
2008-03-11,133.4
2008-03-12,133.6
2008-03-13,133.7
2008-03-14,134.7
2008-03-17,134.9
2008-03-18,135.7
2008-03-19,135.8
2008-03-20,135.7
2008-03-21,135.2
2008-03-24,135.2
2008-03-25,135.2
2008-03-26,134.4
2008-03-27,133.5
2008-03-28,133.2
2008-03-31,133.3
2008-04-01,134.9
2008-04-02,135.3
2008-04-03,135.5
2008-04-04,136.5
2008-04-07,136.7
2008-04-08,137.1
2008-04-09,137.2
2008-04-10,137.4
2008-04-11,138.4
2008-04-14,138.6
2008-04-15,139.4
2008-04-16,139.5
2008-04-17,139.6
2008-04-18,139.9
2008-04-21,139.9
2008-04-22,140.3
2008-04-23,140.4
2008-04-24,140.6
2008-04-25,141.1
2008-04-28,141.1
2008-04-29,141.3
2008-04-30,141.4
2008-05-01,141.6
2008-05-02,141.8
2008-05-05,141.7
2008-05-06,141.1
2008-05-07,140.8
2008-05-08,141.0
2008-05-09,141.2
2008-05-12,141.3
2008-05-13,143.1
2008-05-14,143.7
2008-05-15,144.3
2008-05-16,146.6
2008-05-19,146.9
2008-05-20,148.0
2008-05-21,148.0
2008-05-22,148.1
2008-05-23,148.6
2008-05-26,148.8
2008-05-27,150.2
2008-05-28,150.4
2008-05-29,150.6
2008-05-30,151.4
2008-06-02,151.5
2008-06-03,151.6
2008-06-04,151.5
2008-06-05,151.6
2008-06-06,151.8
2008-06-09,151.7
2008-06-10,151.8
2008-06-11,152.8
2008-06-12,153.1
2008-06-13,154.3
2008-06-16,154.5
2008-06-17,156.5
2008-06-18,156.8
2008-06-19,157.0
2008-06-20,157.0
2008-06-23,157.1
2008-06-24,156.6
2008-06-25,156.5
2008-06-26,156.4
2008-06-27,156.1
2008-06-30,155.9
2008-07-01,156.2
2008-07-02,156.4
2008-07-03,156.7
2008-07-04,157.6
2008-07-07,157.7
2008-07-08,158.7
2008-07-09,159.0
2008-07-10,158.9
2008-07-11,158.5
2008-07-14,158.3
2008-07-15,157.6
2008-07-16,157.4
2008-07-17,157.2
2008-07-18,155.5
2008-07-21,155.1
2008-07-22,152.5
2008-07-23,152.1
2008-07-24,151.5
2008-07-25,147.2
2008-07-28,146.7
2008-07-29,144.9
2008-07-30,144.1
2008-07-31,144.0
2008-08-01,143.1
2008-08-04,142.7
2008-08-05,142.9
2008-08-06,143.1
2008-08-07,143.0
2008-08-08,143.3
2008-08-11,143.3
2008-08-12,143.3
2008-08-13,143.3
2008-08-14,143.3
2008-08-15,143.0
2008-08-18,143.3
2008-08-19,144.0
2008-08-20,144.1
2008-08-21,144.1
2008-08-22,144.2
2008-08-25,144.4
2008-08-26,144.9
2008-08-27,144.9
2008-08-28,145.0
2008-08-29,145.9
2008-09-01,146.4
2008-09-02,147.5
2008-09-03,147.7
2008-09-04,147.5
2008-09-05,147.5
2008-09-08,147.6
2008-09-09,147.1
2008-09-10,146.8
2008-09-11,146.6
2008-09-12,146.4
2008-09-15,146.8
2008-09-16,147.3
2008-09-17,147.1
2008-09-18,146.7
2008-09-19,145.3
2008-09-22,145.0
2008-09-23,144.4
2008-09-24,143.8
2008-09-25,143.7
2008-09-26,144.4
2008-09-29,144.7
2008-09-30,145.3
2008-10-01,145.3
2008-10-02,145.4
2008-10-03,144.9
2008-10-06,144.7
2008-10-07,143.6
2008-10-08,143.4
2008-10-09,143.3
2008-10-10,143.1
2008-10-13,143.6
2008-10-14,144.9
2008-10-15,145.0
2008-10-16,145.1
2008-10-17,145.2
2008-10-20,144.6
2008-10-21,141.4
2008-10-22,140.0
2008-10-23,138.8
2008-10-24,133.6
2008-10-27,132.3
2008-10-28,129.7
2008-10-29,129.2
2008-10-30,128.8
2008-10-31,127.1
2008-11-03,126.1
2008-11-04,125.0
2008-11-05,124.4
2008-11-06,123.5
2008-11-07,120.4
2008-11-10,118.8
2008-11-11,116.0
2008-11-12,115.2
2008-11-13,114.6
2008-11-14,112.1
2008-11-17,111.4
2008-11-18,109.9
2008-11-19,109.3
2008-11-20,108.5
2008-11-21,106.0
2008-11-24,104.9
2008-11-25,102.8
2008-11-26,102.2
2008-11-27,102.0
2008-11-28,100.1
2008-12-01,99.9
2008-12-02,100.4
2008-12-03,100.5
2008-12-04,100.3
2008-12-05,99.9
2008-12-08,98.9
2008-12-09,97.8
2008-12-10,97.5
2008-12-11,96.6
2008-12-12,94.4
2008-12-15,94.0
2008-12-16,94.9
2008-12-17,95.4
2008-12-18,96.1
2008-12-19,98.6
2008-12-22,98.9
2008-12-23,100.1
2008-12-24,100.4
2008-12-25,99.9
2008-12-26,99.9
2008-12-29,99.1
2008-12-30,97.4
2008-12-31,97.2
2009-01-01,96.4
2009-01-02,96.1
2009-01-05,95.0
2009-01-06,95.8
2009-01-07,95.9
2009-01-08,96.7
2009-01-09,99.3
2009-01-12,99.5
2009-01-13,100.1
2009-01-14,100.4
2009-01-15,100.8
2009-01-16,102.2
2009-01-19,102.7
2009-01-20,105.0
2009-01-21,105.8
2009-01-22,106.5
2009-01-23,109.8
2009-01-26,110.3
2009-01-27,110.5
2009-01-28,112.3
2009-01-29,112.5
2009-01-30,113.1
2009-02-02,113.5
2009-02-03,114.1
2009-02-04,114.5
2009-02-05,114.6
2009-02-06,115.6
2009-02-09,115.9
2009-02-10,116.5
2009-02-11,116.5
2009-02-12,116.4
2009-02-13,116.3
2009-02-16,116.6
2009-02-17,117.9
2009-02-18,118.1
2009-02-19,118.2
2009-02-20,118.9
2009-02-23,118.7
2009-02-24,117.2
2009-02-25,116.6
2009-02-26,116.1
2009-02-27,113.1
2009-03-02,112.9
2009-03-03,112.1
2009-03-04,112.0
2009-03-05,111.5
2009-03-06,110.7
2009-03-09,110.6
2009-03-10,110.4
2009-03-11,109.8
2009-03-12,109.4
2009-03-13,107.9
2009-03-16,107.7
2009-03-17,106.9
2009-03-18,106.7
2009-03-19,106.9
2009-03-20,107.5
2009-03-23,107.6
2009-03-24,109.1
2009-03-25,109.7
2009-03-26,109.8
2009-03-27,111.1
2009-03-30,111.2
2009-03-31,111.5
2009-04-01,111.5
2009-04-02,111.4
2009-04-03,111.0
2009-04-06,110.9
2009-04-07,110.4
2009-04-08,110.5
2009-04-09,110.5
2009-04-10,110.8
2009-04-13,110.8
2009-04-14,110.8
2009-04-15,112.1
2009-04-16,112.6
2009-04-17,112.7
2009-04-20,112.7
2009-04-21,113.0
2009-04-22,113.0
2009-04-23,112.9
2009-04-24,112.6
2009-04-27,112.1
2009-04-28,111.5
2009-04-29,110.7
2009-04-30,110.2
2009-05-01,108.0
2009-05-04,107.3
2009-05-05,106.7
2009-05-06,106.7
2009-05-07,106.9
2009-05-08,108.4
2009-05-11,108.6
2009-05-12,110.2
2009-05-13,110.6
2009-05-14,110.9
2009-05-15,111.7
2009-05-18,111.9
2009-05-19,112.5
2009-05-20,112.7
2009-05-21,112.9
2009-05-22,114.3
2009-05-25,114.4
2009-05-26,114.8
2009-05-27,114.8
2009-05-28,114.7
2009-05-29,114.5
2009-06-01,114.6
2009-06-02,115.2
2009-06-03,115.4
2009-06-04,115.5
2009-06-05,116.2
2009-06-08,116.4
2009-06-09,116.8
2009-06-10,117.3
2009-06-11,117.4
2009-06-12,117.9
2009-06-15,118.1
2009-06-16,118.6
2009-06-17,118.6
2009-06-18,118.7
2009-06-19,119.1
2009-06-22,119.2
2009-06-23,119.4
2009-06-24,119.2
2009-06-25,119.1
2009-06-26,118.3
2009-06-29,118.1
2009-06-30,117.7
2009-07-01,117.5
2009-07-02,117.5
2009-07-03,117.5
2009-07-06,117.5
2009-07-07,117.0
2009-07-08,116.6
2009-07-09,116.3
2009-07-10,114.6
2009-07-13,113.6
2009-07-14,112.8
2009-07-15,112.5
2009-07-16,112.3
2009-07-17,111.5
2009-07-20,111.5
2009-07-21,111.6
2009-07-22,111.8
2009-07-23,112.0
2009-07-24,112.9
2009-07-27,113.6
2009-07-28,114.5
2009-07-29,114.9
2009-07-30,115.0
2009-07-31,115.8
2009-08-03,116.0
2009-08-04,116.5
2009-08-05,116.9
2009-08-06,117.0
2009-08-07,118.2
2009-08-10,118.5
2009-08-11,119.3
2009-08-12,119.5
2009-08-13,119.9
2009-08-14,120.5
2009-08-17,120.5
2009-08-18,120.5
2009-08-19,120.3
2009-08-20,120.1
2009-08-21,119.3
2009-08-24,118.9
2009-08-25,118.9
2009-08-26,118.8
2009-08-27,118.8
2009-08-28,119.4
2009-08-31,119.4
2009-09-01,119.3
2009-09-02,119.1
2009-09-03,119.0
2009-09-04,117.8
2009-09-07,117.5
2009-09-08,116.5
2009-09-09,116.1
2009-09-10,115.8
2009-09-11,114.6
2009-09-14,114.6
2009-09-15,113.9
2009-09-16,113.6
2009-09-17,113.5
2009-09-18,113.0
2009-09-21,113.1
2009-09-22,113.2
2009-09-23,113.2
2009-09-24,113.2
2009-09-25,113.4
2009-09-28,113.2
2009-09-29,111.8
2009-09-30,111.2
2009-10-01,110.6
2009-10-02,108.6
2009-10-05,108.4
2009-10-06,108.1
2009-10-07,108.1
2009-10-08,108.3
2009-10-09,108.7
2009-10-12,108.7
2009-10-13,108.4
2009-10-14,108.1
2009-10-15,108.0
2009-10-16,108.2
2009-10-19,108.5
2009-10-20,109.2
2009-10-21,109.7
2009-10-22,110.1
2009-10-23,110.9
2009-10-26,111.4
2009-10-27,112.2
2009-10-28,112.5
2009-10-29,112.7
2009-10-30,113.4
2009-11-02,113.7
2009-11-03,113.9
2009-11-04,113.8
2009-11-05,113.8
2009-11-06,113.7
2009-11-09,113.7
2009-11-10,113.7
2009-11-11,113.6
2009-11-12,113.5
2009-11-13,113.2
2009-11-16,113.2
2009-11-17,112.7
2009-11-18,112.6
2009-11-19,112.6
2009-11-20,112.9
2009-11-23,112.9
2009-11-24,113.2
2009-11-25,113.3
2009-11-26,113.3
2009-11-27,113.3
2009-11-30,113.1
2009-12-01,113.0
2009-12-02,113.0
2009-12-03,113.1
2009-12-04,113.6
2009-12-07,113.8
2009-12-08,114.1
2009-12-09,114.2
2009-12-10,114.2
2009-12-11,114.1
2009-12-14,113.7
2009-12-15,113.2
2009-12-16,112.8
2009-12-17,112.5
2009-12-18,112.1
2009-12-21,112.1
2009-12-22,112.6
2009-12-23,112.6
2009-12-24,113.2
2009-12-25,114.5
2009-12-28,114.5
2009-12-29,114.5
2009-12-30,116.6
2009-12-31,117.6
2010-01-01,117.7
2010-01-04,117.9
2010-01-05,118.3
2010-01-06,118.6
2010-01-07,118.7
2010-01-08,119.0
2010-01-11,119.1
2010-01-12,119.5
2010-01-13,119.6
2010-01-14,119.6
2010-01-15,119.6
2010-01-18,119.5
2010-01-19,119.1
2010-01-20,118.8
2010-01-21,118.6
2010-01-22,118.2
2010-01-25,118.1
2010-01-26,118.1
2010-01-27,118.0
2010-01-28,118.0
2010-01-29,118.0
2010-02-01,118.1
2010-02-02,118.2
2010-02-03,118.3
2010-02-04,118.7
2010-02-05,119.7
2010-02-08,120.0
2010-02-09,120.1
2010-02-10,120.0
2010-02-11,119.9
2010-02-12,119.3
2010-02-15,118.9
2010-02-16,118.3
2010-02-17,118.0
2010-02-18,117.7
2010-02-19,117.7
2010-02-22,117.8
2010-02-23,118.4
2010-02-24,118.7
2010-02-25,119.1
2010-02-26,119.7
2010-03-01,120.1
2010-03-02,120.3
2010-03-03,120.5
2010-03-04,120.4
2010-03-05,120.3
2010-03-08,120.5
2010-03-09,120.7
2010-03-10,121.2
2010-03-11,121.1
2010-03-12,121.7
2010-03-15,121.8
2010-03-16,121.5
2010-03-17,121.3
2010-03-18,121.0
2010-03-19,120.7
2010-03-22,120.6
2010-03-23,120.5
2010-03-24,120.4
2010-03-25,120.3
2010-03-26,120.0
2010-03-29,119.9
2010-03-30,119.7
2010-03-31,119.7
2010-04-01,119.7
2010-04-02,119.7
2010-04-05,119.8
2010-04-06,120.1
2010-04-07,120.9
2010-04-08,121.8
2010-04-09,122.1
2010-04-12,122.2
2010-04-13,122.3
2010-04-14,122.1
2010-04-15,122.0
2010-04-16,121.6
2010-04-19,121.5
2010-04-20,121.3
2010-04-21,121.1
2010-04-22,121.0
2010-04-23,120.9
2010-04-26,120.9
2010-04-27,120.9
2010-04-28,121.5
2010-04-29,121.7
2010-04-30,122.0
2010-05-03,122.2
2010-05-04,122.4
2010-05-05,122.6
2010-05-06,122.8
2010-05-07,122.9
2010-05-10,122.7
2010-05-11,122.1
2010-05-12,121.7
2010-05-13,121.1
2010-05-14,120.2
2010-05-17,119.9
2010-05-18,119.8
2010-05-19,119.6
2010-05-20,119.4
2010-05-21,119.1
2010-05-24,119.1
2010-05-25,118.9
2010-05-26,118.8
2010-05-27,118.7
2010-05-28,118.7
2010-05-31,118.6
2010-06-01,118.5
2010-06-02,118.5
2010-06-03,118.4
2010-06-04,118.7
2010-06-07,118.8
2010-06-08,119.6
2010-06-09,119.7
2010-06-10,120.0
2010-06-11,120.3
2010-06-14,120.4
2010-06-15,120.4
2010-06-16,120.6
2010-06-17,120.4
2010-06-18,120.3
2010-06-21,120.4
2010-06-22,120.5
2010-06-23,120.5
2010-06-24,120.5
2010-06-25,120.5
2010-06-28,120.2
2010-06-29,119.7
2010-06-30,119.4
2010-07-01,119.3
2010-07-02,118.9
2010-07-05,118.9
2010-07-06,118.9
2010-07-07,118.8
2010-07-08,118.6
2010-07-09,118.0
2010-07-12,117.9
2010-07-13,117.4
2010-07-14,117.3
2010-07-15,117.1
2010-07-16,117.1
2010-07-19,117.0
2010-07-20,117.0
2010-07-21,117.1
2010-07-22,117.2
2010-07-23,117.2
2010-07-26,117.2
2010-07-27,117.4
2010-07-28,117.4
2010-07-29,117.3
2010-07-30,117.1
2010-08-02,117.0
2010-08-03,116.8
2010-08-04,116.7
2010-08-05,116.8
2010-08-06,117.2
2010-08-09,117.3
2010-08-10,117.6
2010-08-11,117.6
2010-08-12,117.6
2010-08-13,117.4
2010-08-16,117.2
2010-08-17,116.6
2010-08-18,116.3
2010-08-19,116.1
2010-08-20,115.6
2010-08-23,115.5
2010-08-24,115.3
2010-08-25,115.1
2010-08-26,114.9
2010-08-27,114.6
2010-08-30,114.5
2010-08-31,114.3
2010-09-01,114.3
2010-09-02,114.4
2010-09-03,114.5
2010-09-06,114.6
2010-09-07,114.7
2010-09-08,114.6
2010-09-09,114.4
2010-09-10,114.3
2010-09-13,114.2
2010-09-14,114.1
2010-09-15,114.1
2010-09-16,114.0
2010-09-17,113.8
2010-09-20,113.7
2010-09-21,113.5
2010-09-22,113.3
2010-09-23,113.1
2010-09-24,112.6
2010-09-27,112.3
2010-09-28,112.0
2010-09-29,111.9
2010-09-30,111.6
2010-10-01,111.5
2010-10-04,111.7
2010-10-05,112.2
2010-10-06,112.6
2010-10-07,113.0
2010-10-08,114.0
2010-10-11,114.5
2010-10-12,114.8
2010-10-13,114.9
2010-10-14,115.0
2010-10-15,115.2
2010-10-18,115.2
2010-10-19,115.3
2010-10-20,115.1
2010-10-21,115.2
2010-10-22,114.9
2010-10-25,114.8
2010-10-26,114.6
2010-10-27,114.6
2010-10-28,114.5
2010-10-29,114.5
2010-11-01,114.5
2010-11-02,114.8
2010-11-03,114.8
2010-11-04,114.8
2010-11-05,114.9
2010-11-08,114.9
2010-11-09,115.1
2010-11-10,115.2
2010-11-11,115.4
2010-11-12,116.0
2010-11-15,116.3
2010-11-16,116.6
2010-11-17,116.8
2010-11-18,117.0
2010-11-19,117.3
2010-11-22,117.2
2010-11-23,117.2
2010-11-24,117.1
2010-11-25,117.0
2010-11-26,116.9
2010-11-29,117.0
2010-11-30,117.3
2010-12-01,117.8
2010-12-02,118.3
2010-12-03,119.7
2010-12-06,120.5
2010-12-07,121.7
2010-12-08,122.3
2010-12-09,122.7
2010-12-10,122.9
2010-12-13,123.5
2010-12-14,123.6
2010-12-15,123.6
2010-12-16,123.4
2010-12-17,123.0
2010-12-20,123.0
2010-12-21,123.1
2010-12-22,123.0
2010-12-23,123.1
2010-12-24,123.5
2010-12-27,123.5
2010-12-28,123.5
2010-12-29,123.7
2010-12-30,124.1
2010-12-31,124.1
2011-01-03,124.1
2011-01-04,124.0
2011-01-05,123.5
2011-01-06,123.3
2011-01-07,123.3
2011-01-10,123.5
2011-01-11,123.9
2011-01-12,124.2
2011-01-13,124.6
2011-01-14,125.2
2011-01-17,125.5
2011-01-18,126.0
2011-01-19,126.3
2011-01-20,126.6
2011-01-21,127.2
2011-01-24,127.2
2011-01-25,127.3
2011-01-26,127.3
2011-01-27,127.2
2011-01-28,126.5
2011-01-31,126.3
2011-02-01,126.0
2011-02-02,125.9
2011-02-03,126.1
2011-02-04,126.6
2011-02-07,126.9
2011-02-08,127.1
2011-02-09,127.2
2011-02-10,127.1
2011-02-11,126.6
2011-02-14,126.4
2011-02-15,126.5
2011-02-16,126.5
2011-02-17,126.6
2011-02-18,127.0
2011-02-21,127.3
2011-02-22,127.5
2011-02-23,127.7
2011-02-24,128.0
2011-02-25,128.7
2011-02-28,130.2
2011-03-01,131.2
2011-03-02,132.3
2011-03-03,132.7
2011-03-04,133.9
2011-03-07,133.9
2011-03-08,134.5
2011-03-09,134.7
2011-03-10,134.9
2011-03-11,135.2
2011-03-14,135.5
2011-03-15,135.6
2011-03-16,135.2
2011-03-17,134.9
2011-03-18,134.6
2011-03-21,134.4
2011-03-22,134.7
2011-03-23,134.8
2011-03-24,135.0
2011-03-25,135.3
2011-03-28,135.7
2011-03-29,135.6
2011-03-30,135.5
2011-03-31,135.2
2011-04-01,134.7
2011-04-04,134.5
2011-04-05,134.3
2011-04-06,134.5
2011-04-07,134.8
2011-04-08,135.9
2011-04-11,136.2
2011-04-12,136.8
2011-04-13,137.2
2011-04-14,137.3
2011-04-15,137.4
2011-04-18,137.4
2011-04-19,137.3
2011-04-20,137.2
2011-04-21,136.9
2011-04-22,136.7
2011-04-25,136.7
2011-04-26,136.7
2011-04-27,136.7
2011-04-28,137.1
2011-04-29,137.4
2011-05-02,137.7
2011-05-03,138.0
2011-05-04,138.0
2011-05-05,138.1
2011-05-06,139.0
2011-05-09,139.1
2011-05-10,138.2
2011-05-11,137.6
2011-05-12,137.3
2011-05-13,136.4
2011-05-16,135.6
2011-05-17,134.6
2011-05-18,134.0
2011-05-19,133.7
2011-05-20,132.0
2011-05-23,131.4
2011-05-24,130.4
2011-05-25,130.0
2011-05-26,129.9
2011-05-27,129.8
2011-05-30,130.0
2011-05-31,130.5
2011-06-01,130.7
2011-06-02,130.8
2011-06-03,131.4
2011-06-06,131.2
2011-06-07,130.9
2011-06-08,130.7
2011-06-09,130.6
2011-06-10,130.6
2011-06-13,130.7
2011-06-14,131.1
2011-06-15,132.1
2011-06-16,132.2
2011-06-17,132.4
2011-06-20,132.3
2011-06-21,131.6
2011-06-22,131.3
2011-06-23,131.2
2011-06-24,130.6
2011-06-27,130.5
2011-06-28,130.0
2011-06-29,129.5
2011-06-30,129.2
2011-07-01,128.6
2011-07-04,128.5
2011-07-05,129.0
2011-07-06,129.5
2011-07-07,130.1
2011-07-08,131.6
2011-07-11,132.1
2011-07-12,133.0
2011-07-13,133.3
2011-07-14,133.4
2011-07-15,134.0
2011-07-18,134.0
2011-07-19,134.1
2011-07-20,133.9
2011-07-21,133.8
2011-07-22,133.3
2011-07-25,133.2
2011-07-26,133.2
2011-07-27,133.2
2011-07-28,133.3
2011-07-29,133.3
2011-08-01,133.2
2011-08-02,132.9
2011-08-03,132.9
2011-08-04,132.8
2011-08-05,132.7
2011-08-08,132.5
2011-08-09,132.3
2011-08-10,132.0
2011-08-11,131.9
2011-08-12,131.1
2011-08-15,131.3
2011-08-16,131.7
2011-08-17,132.0
2011-08-18,132.3
2011-08-19,133.4
2011-08-22,133.5
2011-08-23,133.8
2011-08-24,133.7
2011-08-25,133.7
2011-08-26,133.5
2011-08-29,133.6
2011-08-30,134.1
2011-08-31,134.3
2011-09-01,134.5
2011-09-02,134.9
2011-09-05,135.6
2011-09-06,136.2
2011-09-07,136.3
2011-09-08,136.4
2011-09-09,136.5
2011-09-12,136.5
2011-09-13,136.2
2011-09-14,135.9
2011-09-15,135.8
2011-09-16,135.7
2011-09-19,135.7
2011-09-20,136.0
2011-09-21,136.3
2011-09-22,136.5
2011-09-23,137.0
2011-09-26,137.1
2011-09-27,137.3
2011-09-28,137.1
2011-09-29,137.0
2011-09-30,136.8
2011-10-03,136.9
2011-10-04,136.9
2011-10-05,137.0
2011-10-06,137.0
2011-10-07,137.3
2011-10-10,137.7
2011-10-11,138.3
2011-10-12,138.7
2011-10-13,138.8
2011-10-14,139.3
2011-10-17,139.4
2011-10-18,139.0
2011-10-19,138.9
2011-10-20,138.6
2011-10-21,137.7
2011-10-24,137.3
2011-10-25,136.5
2011-10-26,135.9
2011-10-27,135.3
2011-10-28,134.3
2011-10-31,133.7
2011-11-01,133.3
2011-11-02,132.9
2011-11-03,132.1
2011-11-04,131.3
2011-11-07,130.8
2011-11-08,130.4
2011-11-09,130.3
2011-11-10,130.5
2011-11-11,131.0
2011-11-14,131.5
2011-11-15,131.7
2011-11-16,131.7
2011-11-17,131.4
2011-11-18,130.6
2011-11-21,130.3
2011-11-22,129.9
2011-11-23,129.5
2011-11-24,129.4
2011-11-25,129.4
2011-11-28,129.5
2011-11-29,129.8
2011-11-30,130.0
2011-12-01,130.1
2011-12-02,130.4
2011-12-05,130.3
2011-12-06,129.9
2011-12-07,129.8
2011-12-08,129.6
2011-12-09,129.5
2011-12-12,129.5
2011-12-13,129.5
2011-12-14,129.6
2011-12-15,129.8
2011-12-16,130.2
2011-12-19,130.7
2011-12-20,131.1
2011-12-21,131.3
2011-12-22,131.4
2011-12-23,131.3
2011-12-26,131.3
2011-12-27,131.3
2011-12-28,131.3
2011-12-29,131.5
2011-12-30,131.7
2012-01-02,131.9
2012-01-03,131.9
2012-01-04,132.4
2012-01-05,132.4
2012-01-06,133.2
2012-01-09,133.6
2012-01-10,134.4
2012-01-11,134.8
2012-01-12,135.2
2012-01-13,135.8
2012-01-16,136.1
2012-01-17,136.0
2012-01-18,135.9
2012-01-19,135.8
2012-01-20,135.5
2012-01-23,135.4
2012-01-24,135.6
2012-01-25,135.7
2012-01-26,135.7
2012-01-27,135.8
2012-01-30,135.8
2012-01-31,135.4
2012-02-01,135.2
2012-02-02,135.0
2012-02-03,134.9
2012-02-06,134.6
2012-02-07,134.4
2012-02-08,134.2
2012-02-09,134.2
2012-02-10,134.0
2012-02-13,134.2
2012-02-14,134.7
2012-02-15,135.2
2012-02-16,135.5
2012-02-17,136.3
2012-02-20,136.6
2012-02-21,137.1
2012-02-22,137.3
2012-02-23,137.4
2012-02-24,137.7
2012-02-27,138.0
2012-02-28,138.4
2012-02-29,138.7
2012-03-01,138.9
2012-03-02,139.0
2012-03-05,139.0
2012-03-06,139.1
2012-03-07,139.0
2012-03-08,139.0
2012-03-09,139.3
2012-03-12,139.4
2012-03-13,139.9
2012-03-14,140.5
2012-03-15,140.8
2012-03-16,141.9
2012-03-19,142.5
2012-03-20,142.8
2012-03-21,142.9
2012-03-22,142.9
2012-03-23,142.9
2012-03-26,142.7
2012-03-27,142.7
2012-03-28,142.7
2012-03-29,142.8
2012-03-30,143.1
2012-04-02,143.4
2012-04-03,143.6
2012-04-04,143.7
2012-04-05,143.9
2012-04-06,144.3
2012-04-09,144.3
2012-04-10,144.5
2012-04-11,145.3
2012-04-12,145.4
2012-04-13,145.1
2012-04-16,144.7
2012-04-17,143.7
2012-04-18,143.5
2012-04-19,143.2
2012-04-20,142.8
2012-04-23,142.5
2012-04-24,142.0
2012-04-25,141.9
2012-04-26,141.8
2012-04-27,141.2
2012-04-30,141.3
2012-05-01,141.5
2012-05-02,141.8
2012-05-03,142.0
2012-05-04,142.1
2012-05-07,142.0
2012-05-08,141.2
2012-05-09,140.8
2012-05-10,140.2
2012-05-11,139.6
2012-05-14,139.2
2012-05-15,138.9
2012-05-16,138.0
2012-05-17,138.0
2012-05-18,137.7
2012-05-21,137.6
2012-05-22,137.2
2012-05-23,137.0
2012-05-24,136.9
2012-05-25,136.4
2012-05-28,136.2
2012-05-29,136.1
2012-05-30,136.2
2012-05-31,136.2
2012-06-01,136.0
2012-06-04,135.9
2012-06-05,135.5
2012-06-06,134.9
2012-06-07,134.5
2012-06-08,132.9
2012-06-11,132.6
2012-06-12,132.1
2012-06-13,130.0
2012-06-14,129.4
2012-06-15,128.1
2012-06-18,127.7
2012-06-19,126.8
2012-06-20,126.2
2012-06-21,125.7
2012-06-22,124.1
2012-06-25,123.3
2012-06-26,121.6
2012-06-27,121.0
2012-06-28,120.7
2012-06-29,120.2
2012-07-02,120.3
2012-07-03,121.1
2012-07-04,121.7
2012-07-05,121.9
2012-07-06,122.9
2012-07-09,123.4
2012-07-10,124.6
2012-07-11,125.0
2012-07-12,125.5
2012-07-13,126.4
2012-07-16,126.7
2012-07-17,127.4
2012-07-18,127.9
2012-07-19,128.4
2012-07-20,129.5
2012-07-23,130.0
2012-07-24,131.0
2012-07-25,131.3
2012-07-26,131.5
2012-07-27,131.8
2012-07-30,131.8
2012-07-31,131.1
2012-08-01,130.9
2012-08-02,130.9
2012-08-03,130.9
2012-08-06,131.2
2012-08-07,132.0
2012-08-08,132.4
2012-08-09,132.9
2012-08-10,134.4
2012-08-13,134.9
2012-08-14,135.9
2012-08-15,136.5
2012-08-16,137.0
2012-08-17,138.2
2012-08-20,138.5
2012-08-21,138.6
2012-08-22,138.7
2012-08-23,138.7
2012-08-24,138.3
2012-08-27,138.2
2012-08-28,137.8
2012-08-29,137.7
2012-08-30,137.6
2012-08-31,137.2
2012-09-03,137.0
2012-09-04,136.5
2012-09-05,136.2
2012-09-06,136.1
2012-09-07,135.9
2012-09-10,136.0
2012-09-11,136.4
2012-09-12,136.8
2012-09-13,137.0
2012-09-14,137.6
2012-09-17,137.7
2012-09-18,137.8
2012-09-19,137.8
2012-09-20,137.4
2012-09-21,136.9
2012-09-24,136.4
2012-09-25,135.8
2012-09-26,135.6
2012-09-27,135.4
2012-09-28,135.3
2012-10-01,135.7
2012-10-02,136.3
2012-10-03,136.8
2012-10-04,137.1
2012-10-05,137.8
2012-10-08,137.7
2012-10-09,138.2
2012-10-10,138.3
2012-10-11,138.6
2012-10-12,139.5
2012-10-15,139.8
2012-10-16,140.2
2012-10-17,140.5
2012-10-18,140.4
2012-10-19,140.0
2012-10-22,139.4
2012-10-23,138.5
2012-10-24,137.6
2012-10-25,136.8
2012-10-26,134.6
2012-10-29,134.0
2012-10-30,132.4
2012-10-31,132.1
2012-11-01,131.9
2012-11-02,131.7
2012-11-05,131.5
2012-11-06,131.2
2012-11-07,130.9
2012-11-08,130.8
2012-11-09,130.6
2012-11-12,130.5
2012-11-13,130.6
2012-11-14,130.9
2012-11-15,131.1
2012-11-16,131.6
2012-11-19,132.2
2012-11-20,133.0
2012-11-21,133.6
2012-11-22,134.2
2012-11-23,134.7
2012-11-26,135.1
2012-11-27,135.4
2012-11-28,135.4
2012-11-29,135.3
2012-11-30,134.9
2012-12-03,134.5
2012-12-04,134.1
2012-12-05,133.8
2012-12-06,133.7
2012-12-07,133.3
2012-12-10,132.9
2012-12-11,132.2
2012-12-12,131.7
2012-12-13,131.4
2012-12-14,130.8
2012-12-17,130.5
2012-12-18,130.4
2012-12-19,130.4
2012-12-20,130.5
2012-12-21,130.8
2012-12-24,130.9
2012-12-25,131.3
2012-12-26,131.3
2012-12-27,131.3
2012-12-28,132.5
2012-12-31,133.2
2013-01-01,133.9
2013-01-02,134.1
2013-01-03,134.8
2013-01-04,135.3
2013-01-07,135.3
2013-01-08,135.1
2013-01-09,134.8
2013-01-10,134.5
2013-01-11,133.9
2013-01-14,134.0
2013-01-15,133.6
2013-01-16,133.3
2013-01-17,133.1
2013-01-18,132.6
2013-01-21,132.4
2013-01-22,132.3
2013-01-23,132.5
2013-01-24,132.6
2013-01-25,133.4
2013-01-28,133.6
2013-01-29,133.6
2013-01-30,134.7
2013-01-31,135.2
2013-02-01,136.0
2013-02-04,136.7
2013-02-05,137.8
2013-02-06,138.4
2013-02-07,138.7
2013-02-08,139.7
2013-02-11,140.5
2013-02-12,141.2
2013-02-13,142.0
2013-02-14,142.6
2013-02-15,143.5
2013-02-18,144.0
2013-02-19,144.3
2013-02-20,144.5
2013-02-21,144.5
2013-02-22,144.3
2013-02-25,144.2
2013-02-26,144.1
2013-02-27,144.0
2013-02-28,143.8
2013-03-01,143.3
2013-03-04,142.8
2013-03-05,141.6
2013-03-06,141.2
2013-03-07,140.7
2013-03-08,139.8
2013-03-11,139.3
2013-03-12,139.0
2013-03-13,138.9
2013-03-14,138.7
2013-03-15,138.4
2013-03-18,138.0
2013-03-19,137.4
2013-03-20,137.1
2013-03-21,136.9
2013-03-22,136.3
2013-03-25,136.0
2013-03-26,135.7
2013-03-27,135.4
2013-03-28,135.3
2013-03-29,135.0
2013-04-01,135.0
2013-04-02,135.0
2013-04-03,135.3
2013-04-04,135.6
2013-04-05,135.7
2013-04-08,135.3
2013-04-09,134.0
2013-04-10,133.3
2013-04-11,132.5
2013-04-12,130.7
2013-04-15,130.0
2013-04-16,129.0
2013-04-17,128.3
2013-04-18,127.8
2013-04-19,126.7
2013-04-22,126.5
2013-04-23,126.5
2013-04-24,126.8
2013-04-25,127.1
2013-04-26,127.2
2013-04-29,127.8
2013-04-30,128.4
2013-05-01,128.7
2013-05-02,128.8
2013-05-03,129.1
2013-05-06,128.9
2013-05-07,128.7
2013-05-08,128.5
2013-05-09,128.5
2013-05-10,128.9
2013-05-13,129.3
2013-05-14,130.2
2013-05-15,130.8
2013-05-16,131.2
2013-05-17,132.1
2013-05-20,132.4
2013-05-21,133.0
2013-05-22,133.3
2013-05-23,133.5
2013-05-24,134.1
2013-05-27,134.6
2013-05-28,135.1
2013-05-29,135.4
2013-05-30,135.8
2013-05-31,136.7
2013-06-03,136.8
2013-06-04,136.7
2013-06-05,136.6
2013-06-06,136.5
2013-06-07,136.6
2013-06-10,136.8
2013-06-11,137.5
2013-06-12,138.5
2013-06-13,139.1
2013-06-14,140.1
2013-06-17,140.3
2013-06-18,140.0
2013-06-19,139.9
2013-06-20,139.8
2013-06-21,139.7
2013-06-24,139.9
2013-06-25,140.7
2013-06-26,141.0
2013-06-27,141.2
2013-06-28,141.4
2013-07-01,141.3
2013-07-02,140.7
2013-07-03,140.8
2013-07-04,140.8
2013-07-05,141.6
2013-07-08,142.1
2013-07-09,143.3
2013-07-10,143.8
2013-07-11,144.1
2013-07-12,145.2
2013-07-15,145.8
2013-07-16,147.1
2013-07-17,147.9
2013-07-18,148.6
2013-07-19,149.4
2013-07-22,149.3
2013-07-23,148.6
2013-07-24,148.2
2013-07-25,147.2
2013-07-26,145.2
2013-07-29,144.4
2013-07-30,143.0
2013-07-31,142.4
2013-08-01,142.1
2013-08-02,141.6
2013-08-05,141.8
2013-08-06,142.5
2013-08-07,142.7
2013-08-08,143.0
2013-08-09,143.1
2013-08-12,142.9
2013-08-13,142.2
2013-08-14,141.8
2013-08-15,141.6
2013-08-16,141.3
2013-08-19,141.2
2013-08-20,141.1
2013-08-21,141.2
2013-08-22,141.2
2013-08-23,141.4
2013-08-26,141.4
2013-08-27,141.7
2013-08-28,141.9
2013-08-29,142.3
2013-08-30,143.4
2013-09-02,144.3
2013-09-03,145.4
2013-09-04,146.1
2013-09-05,146.4
2013-09-06,146.9
2013-09-09,146.9
2013-09-10,146.5
2013-09-11,146.2
2013-09-12,145.5
2013-09-13,143.6
2013-09-16,142.7
2013-09-17,141.3
2013-09-18,140.6
2013-09-19,140.1
2013-09-20,139.2
2013-09-23,138.8
2013-09-24,138.7
2013-09-25,138.6
2013-09-26,138.4
2013-09-27,138.5
2013-09-30,138.6
2013-10-01,138.6
2013-10-02,138.5
2013-10-03,138.4
2013-10-04,138.0
2013-10-07,137.9
2013-10-08,137.6
2013-10-09,137.3
2013-10-10,137.2
2013-10-11,137.2
2013-10-14,137.2
2013-10-15,137.4
2013-10-16,137.6
2013-10-17,137.6
2013-10-18,137.7
2013-10-21,137.7
2013-10-22,137.3
2013-10-23,137.0
2013-10-24,136.7
2013-10-25,136.0
2013-10-28,135.6
2013-10-29,135.1
2013-10-30,134.8
2013-10-31,134.8
2013-11-01,135.3
2013-11-04,135.4
2013-11-05,135.8
2013-11-06,136.3
2013-11-07,136.2
2013-11-08,135.9
2013-11-11,135.7
2013-11-12,135.4
2013-11-13,135.3
2013-11-14,135.5
2013-11-15,136.1
2013-11-18,136.8
2013-11-19,137.9
2013-11-20,138.5
2013-11-21,138.8
2013-11-22,139.1
2013-11-25,139.1
2013-11-26,139.5
2013-11-27,139.9
2013-11-28,140.1
2013-11-29,141.6
2013-12-02,141.7
2013-12-03,142.2
2013-12-04,142.4
2013-12-05,142.5
2013-12-06,142.7
2013-12-09,142.8
2013-12-10,143.1
2013-12-11,143.3
2013-12-12,143.4
2013-12-13,143.6
2013-12-16,143.8
2013-12-17,143.8
2013-12-18,143.9
2013-12-19,144.1
2013-12-20,144.4
2013-12-23,145.2
2013-12-24,145.7
2013-12-25,145.7
2013-12-26,145.7
2013-12-27,145.7
2013-12-30,146.7
2013-12-31,148.1
2014-01-01,148.1
2014-01-02,148.3
2014-01-03,148.7
2014-01-06,148.7
2014-01-07,148.4
2014-01-08,147.9
2014-01-09,147.5
2014-01-10,146.7
2014-01-13,146.2
2014-01-14,145.7
2014-01-15,145.4
2014-01-16,145.1
2014-01-17,144.7
2014-01-20,144.5
2014-01-21,144.4
2014-01-22,144.4
2014-01-23,144.6
2014-01-24,145.3
2014-01-27,145.3
2014-01-28,145.4
2014-01-29,146.3
2014-01-30,146.7
2014-01-31,146.8
2014-02-03,146.9
2014-02-04,146.9
2014-02-05,146.7
2014-02-06,146.5
2014-02-07,145.8
2014-02-10,145.3
2014-02-11,144.7
2014-02-12,144.5
2014-02-13,144.5
2014-02-14,145.0
2014-02-17,145.2
2014-02-18,145.8
2014-02-19,146.1
2014-02-20,146.2
2014-02-21,146.3
2014-02-24,146.4
2014-02-25,146.6
2014-02-26,146.7
2014-02-27,146.8
2014-02-28,146.9
2014-03-03,147.0
2014-03-04,147.0
2014-03-05,147.3
2014-03-06,147.4
2014-03-07,147.7
2014-03-10,147.7
2014-03-11,147.6
2014-03-12,147.2
2014-03-13,147.1
2014-03-14,146.6
2014-03-17,146.2
2014-03-18,145.9
2014-03-19,145.7
2014-03-20,145.4
2014-03-21,144.5
2014-03-24,144.0
2014-03-25,143.5
2014-03-26,143.2
2014-03-27,143.1
2014-03-28,142.8
2014-03-31,142.7
2014-04-01,142.5
2014-04-02,142.3
2014-04-03,142.3
2014-04-04,142.0
2014-04-07,141.8
2014-04-08,141.9
2014-04-09,141.9
2014-04-10,141.9
2014-04-11,142.3
2014-04-14,142.4
2014-04-15,142.7
2014-04-16,142.8
2014-04-17,143.0
2014-04-18,143.0
2014-04-21,143.0
2014-04-22,143.2
2014-04-23,143.8
2014-04-24,144.0
2014-04-25,144.0
2014-04-28,144.5
2014-04-29,144.8
2014-04-30,144.8
2014-05-01,144.8
2014-05-02,144.4
2014-05-05,144.2
2014-05-06,143.6
2014-05-07,143.2
2014-05-08,142.8
2014-05-09,141.6
2014-05-12,141.3
2014-05-13,141.3
2014-05-14,141.3
2014-05-15,141.4
2014-05-16,142.0
2014-05-19,142.3
2014-05-20,142.7
2014-05-21,142.9
2014-05-22,143.0
2014-05-23,143.8
2014-05-26,144.1
2014-05-27,144.7
2014-05-28,145.1
2014-05-29,145.2
2014-05-30,145.5
2014-06-02,145.6
2014-06-03,145.6
2014-06-04,145.4
2014-06-05,145.1
2014-06-06,144.3
2014-06-09,144.1
2014-06-10,143.5
2014-06-11,142.8
2014-06-12,142.4
2014-06-13,142.1
2014-06-16,142.1
2014-06-17,142.4
2014-06-18,142.5
2014-06-19,142.8
2014-06-20,144.0
2014-06-23,144.5
2014-06-24,145.5
2014-06-25,146.0
2014-06-26,146.1
2014-06-27,146.6
2014-06-30,146.8
2014-07-01,147.0
2014-07-02,147.1
2014-07-03,147.3
2014-07-04,147.4
2014-07-07,147.3
2014-07-08,147.1
2014-07-09,146.9
2014-07-10,146.6
2014-07-11,145.7
2014-07-14,145.4
2014-07-15,144.9
2014-07-16,144.8
2014-07-17,144.4
2014-07-18,144.2
2014-07-21,144.0
2014-07-22,143.7
2014-07-23,143.4
2014-07-24,143.1
2014-07-25,142.2
2014-07-28,141.7
2014-07-29,141.0
2014-07-30,140.6
2014-07-31,140.1
2014-08-01,139.4
2014-08-04,139.0
2014-08-05,138.6
2014-08-06,138.2
2014-08-07,137.9
2014-08-08,136.8
2014-08-11,136.5
2014-08-12,136.3
2014-08-13,136.3
2014-08-14,136.3
2014-08-15,136.6
2014-08-18,136.5
2014-08-19,135.9
2014-08-20,135.6
2014-08-21,135.5
2014-08-22,134.7
2014-08-25,134.6
2014-08-26,134.9
2014-08-27,135.1
2014-08-28,135.4
2014-08-29,136.0
2014-09-01,136.2
2014-09-02,136.5
2014-09-03,136.6
2014-09-04,136.6
2014-09-05,136.6
2014-09-08,136.6
2014-09-09,136.5
2014-09-10,136.4
2014-09-11,136.2
2014-09-12,136.2
2014-09-15,136.2
2014-09-16,136.5
2014-09-17,136.9
2014-09-18,137.3
2014-09-19,137.6
2014-09-22,137.9
2014-09-23,137.9
2014-09-24,137.9
2014-09-25,137.8
2014-09-26,138.1
2014-09-29,138.2
2014-09-30,138.8
2014-10-01,139.2
2014-10-02,139.9
2014-10-03,140.3
2014-10-06,140.2
2014-10-07,140.0
2014-10-08,140.0
2014-10-09,139.5
2014-10-10,138.8
2014-10-13,138.3
2014-10-14,137.0
2014-10-15,136.4
2014-10-16,135.1
2014-10-17,134.4
2014-10-20,133.1
2014-10-21,132.5
2014-10-22,131.8
2014-10-23,131.5
2014-10-24,131.3
2014-10-27,130.8
2014-10-28,130.6
2014-10-29,130.4
2014-10-30,130.1
2014-10-31,130.0
2014-11-03,130.4
2014-11-04,130.6
2014-11-05,130.6
2014-11-06,130.4
2014-11-07,129.8
2014-11-10,129.6
2014-11-11,129.3
2014-11-12,128.9
2014-11-13,128.7
2014-11-14,128.6
2014-11-17,128.1
2014-11-18,127.2
2014-11-19,126.2
2014-11-20,125.3
2014-11-21,124.6
2014-11-24,124.4
2014-11-25,124.6
2014-11-26,125.1
2014-11-27,125.5
2014-11-28,126.0
2014-12-01,126.1
2014-12-02,125.8
2014-12-03,124.5
2014-12-04,123.5
2014-12-05,121.9
2014-12-08,120.4
2014-12-09,119.8
2014-12-10,118.9
2014-12-11,118.0
2014-12-12,117.2
2014-12-15,116.5
2014-12-16,115.6
2014-12-17,114.7
2014-12-18,113.8
2014-12-19,112.9
2014-12-22,112.5
2014-12-23,112.1
2014-12-24,112.0
2014-12-25,112.1
2014-12-26,112.1
2014-12-29,112.1
2014-12-30,113.2
2014-12-31,113.2
2015-01-01,112.8
2015-01-02,112.8
2015-01-05,111.0
2015-01-06,110.1
2015-01-07,109.3
2015-01-08,108.3
2015-01-09,106.9
2015-01-12,106.1
2015-01-13,105.2
2015-01-14,103.6
2015-01-15,102.8
2015-01-16,101.8
2015-01-19,101.3
2015-01-20,100.6
2015-01-21,100.6
2015-01-22,100.8
2015-01-23,101.1
2015-01-26,101.5
2015-01-27,101.6
2015-01-28,102.1
2015-01-29,102.3
2015-01-30,102.7
2015-02-02,103.8
2015-02-03,104.6
2015-02-04,105.1
2015-02-05,107.8
2015-02-06,109.6
2015-02-09,110.9
2015-02-10,113.0
2015-02-11,114.1
2015-02-12,114.9
2015-02-13,115.6
2015-02-16,115.8
2015-02-17,116.4
2015-02-18,117.6
2015-02-19,117.8
2015-02-20,118.5
2015-02-23,119.0
2015-02-24,119.4
2015-02-25,119.3
2015-02-26,119.1
2015-02-27,118.9
2015-03-02,119.2
2015-03-03,119.8
2015-03-04,120.5
2015-03-05,121.0
2015-03-06,121.8
2015-03-09,122.4
2015-03-10,122.7
2015-03-11,123.0
2015-03-12,123.1
2015-03-13,123.0
2015-03-16,122.9
2015-03-17,122.6
2015-03-18,122.0
2015-03-19,121.1
2015-03-20,120.3
2015-03-23,119.6
2015-03-24,119.1
2015-03-25,118.8
2015-03-26,118.8
2015-03-27,119.0
2015-03-30,119.5
2015-03-31,119.8
2015-04-01,120.1
2015-04-02,120.1
2015-04-03,120.1
2015-04-06,120.1
2015-04-07,119.8
2015-04-08,119.1
2015-04-09,119.1
2015-04-10,119.2
2015-04-13,118.6
2015-04-14,118.4
2015-04-15,118.7
2015-04-16,119.2
2015-04-17,119.8
2015-04-20,120.9
2015-04-21,122.3
2015-04-22,123.1
2015-04-23,123.5
2015-04-24,123.5
2015-04-27,123.8
2015-04-28,124.3
2015-04-29,125.0
2015-04-30,125.4
2015-05-01,125.7
2015-05-04,125.9
2015-05-05,126.3
2015-05-06,126.4
2015-05-07,126.6
2015-05-08,127.2
2015-05-11,127.4
2015-05-12,127.3
2015-05-13,127.3
2015-05-14,127.3
2015-05-15,127.3
2015-05-18,127.2
2015-05-19,127.4
2015-05-20,127.8
2015-05-21,128.0
2015-05-22,128.0
2015-05-25,128.5
2015-05-26,128.6
2015-05-27,128.9
2015-05-28,128.9
2015-05-29,128.7
2015-06-01,128.7
2015-06-02,128.7
2015-06-03,128.9
2015-06-04,129.3
2015-06-05,129.5
2015-06-08,129.7
2015-06-09,129.7
2015-06-10,129.8
2015-06-11,129.7
2015-06-12,130.6
2015-06-15,131.3
2015-06-16,132.0
2015-06-17,132.2
2015-06-18,132.5
2015-06-19,132.3
2015-06-22,132.1
2015-06-23,131.4
2015-06-24,130.9
2015-06-25,130.3
2015-06-26,130.0
2015-06-29,128.9
2015-06-30,128.8
2015-07-01,128.2
2015-07-02,127.8
2015-07-03,127.3
2015-07-06,127.2
2015-07-07,126.7
2015-07-08,126.3
2015-07-09,125.9
2015-07-10,125.9
2015-07-13,126.1
2015-07-14,126.6
2015-07-15,127.0
2015-07-16,127.2
2015-07-17,127.4
2015-07-20,127.3
2015-07-21,126.9
2015-07-22,126.6
2015-07-23,126.4
2015-07-24,126.1
2015-07-27,125.8
2015-07-28,125.7
2015-07-29,125.4
2015-07-30,125.1
2015-07-31,124.8
2015-08-03,124.9
2015-08-04,124.8
2015-08-05,124.4
2015-08-06,124.1
2015-08-07,124.1
2015-08-10,124.0
2015-08-11,123.6
2015-08-12,123.4
2015-08-13,123.3
2015-08-14,123.0
2015-08-17,122.7
2015-08-18,122.4
2015-08-19,121.8
2015-08-20,121.1
2015-08-21,119.9
2015-08-24,118.9
2015-08-25,117.3
2015-08-26,116.0
2015-08-27,115.5
2015-08-28,114.3
2015-08-31,113.5
2015-09-01,113.6
2015-09-02,114.3
2015-09-03,115.6
2015-09-04,117.0
2015-09-07,118.5
2015-09-08,119.1
2015-09-09,120.8
2015-09-10,120.9
2015-09-11,121.1
2015-09-14,121.0
2015-09-15,120.2
2015-09-16,119.6
2015-09-17,118.6
2015-09-18,118.0
2015-09-21,117.8
2015-09-22,117.6
2015-09-23,117.4
2015-09-24,117.8
2015-09-25,118.6
2015-09-28,119.3
2015-09-29,119.6
2015-09-30,120.1
2015-10-01,120.3
2015-10-02,120.3
2015-10-05,120.1
2015-10-06,120.1
2015-10-07,120.0
2015-10-08,119.9
2015-10-09,119.9
2015-10-12,119.2
2015-10-13,119.0
2015-10-14,118.4
2015-10-15,118.0
2015-10-16,117.2
2015-10-19,116.6
2015-10-20,116.1
2015-10-21,115.3
2015-10-22,114.8
2015-10-23,113.8
2015-10-26,113.4
2015-10-27,112.9
2015-10-28,112.5
2015-10-29,112.5
2015-10-30,112.9
2015-11-02,113.4
2015-11-03,113.7
2015-11-04,113.9
2015-11-05,114.1
2015-11-06,114.2
2015-11-09,114.1
2015-11-10,114.0
2015-11-11,114.0
2015-11-12,113.9
2015-11-13,113.6
2015-11-16,113.3
2015-11-17,112.9
2015-11-18,112.4
2015-11-19,111.8
2015-11-20,111.0
2015-11-23,110.6
2015-11-24,110.2
2015-11-25,109.9
2015-11-26,109.9
2015-11-27,110.1
2015-11-30,110.3
2015-12-01,110.6
2015-12-02,110.9
2015-12-03,111.0
2015-12-04,110.8
2015-12-07,110.3
2015-12-08,109.7
2015-12-09,109.0
2015-12-10,108.3
2015-12-11,107.7
2015-12-14,107.6
2015-12-15,107.6
2015-12-16,107.8
2015-12-17,108.0
2015-12-18,108.2
2015-12-21,108.2
2015-12-22,108.3
2015-12-23,108.1
2015-12-24,107.7
2015-12-25,107.4
2015-12-28,107.4
2015-12-29,107.2
2015-12-30,106.7
2015-12-31,106.3
2016-01-01,106.3
2016-01-04,106.3
2016-01-05,106.0
2016-01-06,106.1
2016-01-07,106.6
2016-01-08,106.9
2016-01-11,106.9
2016-01-12,106.8
2016-01-13,106.5
2016-01-14,105.9
2016-01-15,105.5
2016-01-18,104.7
2016-01-19,104.0
2016-01-20,103.5
2016-01-21,103.0
2016-01-22,102.4
2016-01-25,102.1
2016-01-26,102.0
2016-01-27,101.9
2016-01-28,102.1
2016-01-29,102.1
2016-02-01,102.4
2016-02-02,102.6
2016-02-03,102.5
2016-02-04,102.0
2016-02-05,101.6
2016-02-08,101.0
2016-02-09,99.9
2016-02-10,99.3
2016-02-11,98.2
2016-02-12,97.4
2016-02-15,96.6
2016-02-16,95.8
2016-02-17,95.7
2016-02-18,95.9
2016-02-19,95.9
2016-02-22,96.5
2016-02-23,96.8
2016-02-24,96.5
2016-02-25,96.3
2016-02-26,96.4
2016-02-29,96.7
2016-03-01,96.8
2016-03-02,97.6
2016-03-03,97.9
2016-03-04,99.0
2016-03-07,98.8
2016-03-08,99.8
2016-03-09,100.2
2016-03-10,100.7
2016-03-11,101.1
2016-03-14,101.9
2016-03-15,103.0
2016-03-16,103.5
2016-03-17,103.7
2016-03-18,103.8
2016-03-21,103.7
2016-03-22,103.4
2016-03-23,103.4
2016-03-24,103.4
2016-03-25,103.6
2016-03-28,103.6
2016-03-29,103.8
2016-03-30,103.4
2016-03-31,103.6
2016-04-01,103.6
2016-04-04,104.2
2016-04-05,103.7
2016-04-06,102.7
2016-04-07,102.3
2016-04-08,101.7
2016-04-11,101.4
2016-04-12,101.4
2016-04-13,101.7
2016-04-14,102.7
2016-04-15,103.2
2016-04-18,103.8
2016-04-19,103.9
2016-04-20,103.5
2016-04-21,102.8
2016-04-22,102.5
2016-04-25,102.2
2016-04-26,102.4
2016-04-27,102.7
2016-04-28,103.2
2016-04-29,104.3
2016-05-02,105.0
2016-05-03,106.1
2016-05-04,106.8
2016-05-05,107.1
2016-05-06,107.2
2016-05-09,107.1
2016-05-10,106.7
2016-05-11,106.5
2016-05-12,106.5
2016-05-13,106.7
2016-05-16,106.9
2016-05-17,107.8
2016-05-18,108.6
2016-05-19,109.5
2016-05-20,110.8
2016-05-23,111.2
2016-05-24,111.6
2016-05-25,111.9
2016-05-26,112.3
2016-05-27,112.8
2016-05-30,113.0
2016-05-31,113.1
2016-06-01,113.3
2016-06-02,113.2
2016-06-03,113.0
2016-06-06,112.5
2016-06-07,112.4
2016-06-08,112.2
2016-06-09,111.4
2016-06-10,111.2
2016-06-13,111.0
2016-06-14,110.9
2016-06-15,110.4
2016-06-16,110.2
2016-06-17,110.0
2016-06-20,109.2
2016-06-21,108.7
2016-06-22,108.4
2016-06-23,108.4
2016-06-24,108.7
2016-06-27,109.1
2016-06-28,109.3
2016-06-29,109.3
2016-06-30,109.1
2016-07-01,108.6
2016-07-04,108.1
2016-07-05,107.7
2016-07-06,107.4
2016-07-07,107.1
2016-07-08,106.8
2016-07-11,106.2
2016-07-12,104.7
2016-07-13,103.2
2016-07-14,102.4
2016-07-15,101.9
2016-07-18,101.4
2016-07-19,101.3
2016-07-20,101.6
2016-07-21,101.7
2016-07-22,101.7
2016-07-25,102.1
2016-07-26,101.7
2016-07-27,101.6
2016-07-28,101.2
2016-07-29,101.0
2016-08-01,100.9
2016-08-02,99.8
2016-08-03,99.7
2016-08-04,99.2
2016-08-05,98.6
2016-08-08,98.3
2016-08-09,98.4
2016-08-10,98.7
2016-08-11,99.0
2016-08-12,99.5
2016-08-15,99.6
2016-08-16,99.7
2016-08-17,100.3
2016-08-18,101.5
2016-08-19,102.0
2016-08-22,103.2
2016-08-23,104.1
2016-08-24,105.0
2016-08-25,105.5
2016-08-26,105.9
2016-08-29,106.1
2016-08-30,106.2
2016-08-31,106.6
2016-09-01,107.1
2016-09-02,107.4
2016-09-05,107.4
2016-09-06,107.5
2016-09-07,107.0
2016-09-08,106.6
2016-09-09,105.9
2016-09-12,106.0
2016-09-13,106.3
2016-09-14,106.9
2016-09-15,107.6
2016-09-16,108.1
2016-09-19,108.2
2016-09-20,108.2
2016-09-21,107.7
2016-09-22,107.7
2016-09-23,107.4
2016-09-26,107.3
2016-09-27,107.2
2016-09-28,106.9
2016-09-29,106.8
2016-09-30,106.7
2016-10-03,106.8
2016-10-04,107.0
2016-10-05,107.3
2016-10-06,107.7
2016-10-07,108.3
2016-10-10,108.7
2016-10-11,109.2
2016-10-12,109.5
2016-10-13,110.0
2016-10-14,110.4
2016-10-17,110.8
2016-10-18,111.1
2016-10-19,111.4
2016-10-20,111.6
2016-10-21,111.8
2016-10-24,111.9
2016-10-25,112.1
2016-10-26,112.3
2016-10-27,112.5
2016-10-28,112.6
2016-10-31,112.7
2016-11-01,112.6
2016-11-02,112.3
2016-11-03,112.0
2016-11-04,111.8
2016-11-07,110.8
2016-11-08,110.1
2016-11-09,108.7
2016-11-10,109.1
2016-11-11,108.4
2016-11-14,106.5
2016-11-15,106.3
2016-11-16,107.8
2016-11-17,106.0
2016-11-18,106.0
2016-11-21,106.1
2016-11-22,106.3
2016-11-23,106.7
2016-11-24,107.9
2016-11-25,108.6
2016-11-28,109.7
2016-11-29,110.3
2016-11-30,110.5
2016-12-01,110.3
2016-12-02,109.8
2016-12-05,109.6
2016-12-06,109.9
2016-12-07,111.1
2016-12-08,111.9
2016-12-09,113.1
2016-12-12,113.8
2016-12-13,114.2
2016-12-14,114.5
2016-12-15,114.7
2016-12-16,115.0
2016-12-19,115.4
2016-12-20,115.8
2016-12-21,116.2
2016-12-22,116.7
2016-12-23,116.0
2016-12-26,116.5
2016-12-27,116.5
2016-12-28,117.0
2016-12-29,117.5
2016-12-30,118.2
2017-01-02,118.3
2017-01-03,118.3
2017-01-04,118.6
2017-01-05,119.1
2017-01-06,119.4
2017-01-09,121.8
2017-01-10,121.6
2017-01-11,121.4
2017-01-12,121.1
2017-01-13,120.2
2017-01-16,119.4
2017-01-17,119.0
2017-01-18,118.7
2017-01-19,118.7
2017-01-20,118.8
2017-01-23,119.0
2017-01-24,118.7
2017-01-25,118.4
2017-01-26,118.2
2017-01-27,118.1
2017-01-30,117.8
2017-01-31,118.0
2017-02-01,118.4
2017-02-02,118.5
2017-02-03,118.7
2017-02-06,119.0
2017-02-07,119.1
2017-02-08,119.1
2017-02-09,119.0
2017-02-10,118.7
2017-02-13,118.6
2017-02-14,118.6
2017-02-15,118.7
2017-02-16,118.9
2017-02-17,119.2
2017-02-20,119.2
2017-02-21,118.8
2017-02-22,118.2
2017-02-23,117.8
2017-02-24,117.2
2017-02-27,116.6
2017-02-28,116.4
2017-03-01,116.3
2017-03-02,116.1
2017-03-03,116.0
2017-03-06,115.7
2017-03-07,115.4
2017-03-08,114.9
2017-03-09,114.6
2017-03-10,114.6
2017-03-13,114.7
2017-03-14,114.8
2017-03-15,114.8
2017-03-16,114.4
2017-03-17,113.5
2017-03-20,113.0
2017-03-21,112.3
2017-03-22,111.8
2017-03-23,111.6
2017-03-24,111.5
2017-03-27,111.5
2017-03-28,111.6
2017-03-29,111.7
2017-03-30,111.8
2017-03-31,112.1
2017-04-03,112.4
2017-04-04,112.8
2017-04-05,113.6
2017-04-06,114.3
2017-04-07,115.2
2017-04-10,115.7
2017-04-11,116.3
2017-04-12,117.0
2017-04-13,117.6
2017-04-14,117.8
2017-04-17,117.8
2017-04-18,117.8
2017-04-19,118.4
2017-04-20,118.4
2017-04-21,118.1
2017-04-24,117.8
2017-04-25,117.7
2017-04-26,117.7
2017-04-27,116.9
2017-04-28,116.3
2017-05-01,115.7
2017-05-02,115.2
2017-05-03,114.8
2017-05-04,114.4
2017-05-05,114.0
2017-05-08,113.6
2017-05-09,113.0
2017-05-10,112.6
2017-05-11,112.5
2017-05-12,112.5
2017-05-15,112.8
2017-05-16,113.4
2017-05-17,114.0
2017-05-18,114.9
2017-05-19,115.0
2017-05-22,115.1
2017-05-23,115.2
2017-05-24,115.5
2017-05-25,115.6
2017-05-26,115.8
2017-05-29,116.1
2017-05-30,116.1
2017-05-31,115.9
2017-06-01,115.7
2017-06-02,115.3
2017-06-05,115.1
2017-06-06,114.8
2017-06-07,114.4
2017-06-08,113.9
2017-06-09,113.5
2017-06-12,112.9
2017-06-13,112.2
2017-06-14,111.5
2017-06-15,111.0
2017-06-16,110.5
2017-06-19,109.9
2017-06-20,109.3
2017-06-21,108.7
2017-06-22,108.1
2017-06-23,107.6
2017-06-26,107.3
2017-06-27,107.2
2017-06-28,107.2
2017-06-29,107.2
2017-06-30,107.4
2017-07-03,107.7
2017-07-04,108.0
2017-07-05,108.1
2017-07-06,108.6
2017-07-07,108.9
2017-07-10,109.3
2017-07-11,109.6
2017-07-12,109.7
2017-07-13,109.6
2017-07-14,109.4
2017-07-17,109.2
2017-07-18,109.0
2017-07-19,108.9
2017-07-20,109.0
2017-07-21,108.9
2017-07-24,108.9
2017-07-25,109.3
2017-07-26,109.2
2017-07-27,109.2
2017-07-28,109.3
2017-07-31,109.3
2017-08-01,109.6
2017-08-02,109.8
2017-08-03,110.3
2017-08-04,111.2
2017-08-07,111.6
2017-08-08,112.1
2017-08-09,112.3
2017-08-10,112.6
2017-08-11,112.9
2017-08-14,113.2
2017-08-15,113.6
2017-08-16,113.9
2017-08-17,114.1
2017-08-18,114.1
2017-08-21,114.0
2017-08-22,113.7
2017-08-23,113.8
2017-08-24,113.8
2017-08-25,113.8
2017-08-28,113.8
2017-08-29,114.0
2017-08-30,114.1
2017-08-31,114.2
2017-09-01,114.2
2017-09-04,114.6
2017-09-05,115.1
2017-09-06,115.3
2017-09-07,115.6
2017-09-08,116.0
2017-09-11,116.2
2017-09-12,116.2
2017-09-13,116.2
2017-09-14,116.1
2017-09-15,116.0
2017-09-18,116.0
2017-09-19,116.1
2017-09-20,116.3
2017-09-21,116.5
2017-09-22,116.5
2017-09-25,116.5
2017-09-26,116.3
2017-09-27,116.2
2017-09-28,116.2
2017-09-29,116.4
2017-10-02,116.7
2017-10-03,117.2
2017-10-04,117.4
2017-10-05,117.2
2017-10-06,116.7
2017-10-09,116.4
2017-10-10,116.3
2017-10-11,116.2
2017-10-12,116.3
2017-10-13,116.6
2017-10-16,116.6
2017-10-17,116.6
2017-10-18,116.7
2017-10-19,117.0
2017-10-20,117.2
2017-10-23,117.3
2017-10-24,117.3
2017-10-25,117.3
2017-10-26,117.1
2017-10-27,117.0
2017-10-30,117.3
2017-10-31,117.9
2017-11-01,118.6
2017-11-02,119.4
2017-11-03,120.3
2017-11-06,121.0
2017-11-07,121.3
2017-11-08,121.6
2017-11-09,122.4
2017-11-10,123.0
2017-11-13,123.6
2017-11-14,124.2
2017-11-15,124.7
2017-11-16,124.8
2017-11-17,124.6
2017-11-20,124.5
2017-11-21,124.1
2017-11-22,123.9
2017-11-23,123.8
2017-11-24,124.0
2017-11-27,124.3
2017-11-28,124.5
2017-11-29,124.7
2017-11-30,124.8
2017-12-01,124.8
2017-12-04,124.8
2017-12-05,124.9
2017-12-06,124.9
2017-12-07,124.7
2017-12-08,124.4
2017-12-11,124.2
2017-12-12,123.9
2017-12-13,123.9
2017-12-14,124.4
2017-12-15,124.7
2017-12-18,124.8
2017-12-19,124.7
2017-12-20,124.4
2017-12-21,123.7
2017-12-22,123.3
2017-12-25,123.2
2017-12-26,123.2
2017-12-27,123.2
2017-12-28,123.0
2017-12-29,123.1
2018-01-01,123.2
2018-01-02,123.2
2018-01-03,123.4
2018-01-04,123.5
2018-01-05,123.3
2018-01-08,122.9
2018-01-09,122.7
2018-01-10,122.6
2018-01-11,122.6
2018-01-12,122.9
2018-01-15,123.3
2018-01-16,123.6
2018-01-17,123.8
2018-01-18,124.0
2018-01-19,123.9
2018-01-22,123.7
2018-01-23,123.5
2018-01-24,123.4
2018-01-25,123.4
2018-01-26,123.4
2018-01-29,123.4
2018-01-30,123.8
2018-01-31,124.0
2018-02-01,124.1
2018-02-02,124.1
2018-02-05,124.3
2018-02-06,125.3
2018-02-07,125.4
2018-02-08,125.6
2018-02-09,125.7
2018-02-12,125.4
2018-02-13,124.8
2018-02-14,124.2
2018-02-15,123.4
2018-02-16,122.5
2018-02-19,121.8
2018-02-20,121.2
2018-02-21,120.8
2018-02-22,121.0
2018-02-23,121.2
2018-02-26,121.5
2018-02-27,121.9
2018-02-28,122.3
2018-03-01,122.7
2018-03-02,123.4
2018-03-05,123.6
2018-03-06,123.8
2018-03-07,123.8
2018-03-08,123.7
2018-03-09,123.6
2018-03-12,123.3
2018-03-13,122.9
2018-03-14,122.7
2018-03-15,122.4
2018-03-16,122.2
2018-03-19,122.0
2018-03-20,122.1
2018-03-21,122.5
2018-03-22,123.1
2018-03-23,123.7
2018-03-26,124.9
2018-03-27,126.0
2018-03-28,126.9
2018-03-29,127.6
2018-03-30,128.0
2018-04-02,128.0
2018-04-03,128.0
2018-04-04,128.6
2018-04-05,128.6
2018-04-06,128.4
2018-04-09,128.1
2018-04-10,127.8
2018-04-11,127.5
2018-04-12,127.4
2018-04-13,127.5
2018-04-16,127.9
2018-04-17,128.2
2018-04-18,128.6
2018-04-19,128.7
2018-04-20,128.8
2018-04-23,128.8
2018-04-24,128.9
2018-04-25,129.0
2018-04-26,129.0
2018-04-27,130.5
2018-04-30,131.4
2018-05-01,132.1
2018-05-02,132.5
2018-05-03,132.7
2018-05-04,132.8
2018-05-07,132.8
2018-05-08,132.6
2018-05-09,132.5
2018-05-10,132.5
2018-05-11,132.9
2018-05-14,133.4
2018-05-15,134.6
2018-05-16,135.2
2018-05-17,136.2
2018-05-18,136.6
2018-05-21,137.3
2018-05-22,137.8
2018-05-23,138.9
2018-05-24,139.6
2018-05-25,140.0
2018-05-28,140.1
2018-05-29,139.7
2018-05-30,138.9
2018-05-31,138.4
2018-06-01,137.8
2018-06-04,137.0
2018-06-05,136.4
2018-06-06,136.2
2018-06-07,135.8
2018-06-08,135.3
2018-06-11,134.7
2018-06-12,134.4
2018-06-13,133.7
2018-06-14,133.4
2018-06-15,133.2
2018-06-18,133.3
2018-06-19,133.5
2018-06-20,133.2
2018-06-21,132.9
2018-06-22,132.7
2018-06-25,132.3
2018-06-26,131.9
2018-06-27,131.8
2018-06-28,131.8
2018-06-29,131.8
2018-07-02,132.2
2018-07-03,132.6
2018-07-04,133.4
2018-07-05,133.8
2018-07-06,134.2
2018-07-09,134.3
2018-07-10,134.3
2018-07-11,134.2
2018-07-12,134.2
2018-07-13,134.3
2018-07-16,134.2
2018-07-17,133.9
2018-07-18,133.7
2018-07-19,133.1
2018-07-20,132.5
2018-07-23,131.7
2018-07-24,131.6
2018-07-25,131.6
2018-07-26,132.0
2018-07-27,132.7
2018-07-30,133.5
2018-07-31,134.3
2018-08-01,135.0
2018-08-02,135.4
2018-08-03,135.5
2018-08-06,135.2
2018-08-07,134.9
2018-08-08,134.6
2018-08-09,134.4
2018-08-10,134.6
2018-08-13,134.8
2018-08-14,135.1
2018-08-15,135.4
2018-08-16,135.6
2018-08-17,136.1
2018-08-20,136.5
2018-08-21,136.8
2018-08-22,136.7
2018-08-23,136.5
2018-08-24,135.9
2018-08-27,135.6
2018-08-28,135.9
2018-08-29,136.4
2018-08-30,137.0
2018-08-31,137.4
2018-09-03,137.9
2018-09-04,138.3
2018-09-05,138.9
2018-09-06,139.6
2018-09-07,140.4
2018-09-10,140.9
2018-09-11,141.1
2018-09-12,141.1
2018-09-13,141.1
2018-09-14,141.3
2018-09-17,141.6
2018-09-18,142.0
2018-09-19,142.3
2018-09-20,142.3
2018-09-21,142.2
2018-09-24,142.1
2018-09-25,142.1
2018-09-26,142.1
2018-09-27,142.2
2018-09-28,142.5
2018-10-01,142.8
2018-10-02,143.1
2018-10-03,143.6
2018-10-04,144.2
2018-10-05,144.9
2018-10-08,145.6
2018-10-09,146.4
2018-10-10,146.9
2018-10-11,147.2
2018-10-12,147.3
2018-10-15,147.0
2018-10-16,146.4
2018-10-17,145.7
2018-10-18,144.3
2018-10-19,143.5
2018-10-22,142.6
2018-10-23,141.2
2018-10-24,140.3
2018-10-25,139.8
2018-10-26,139.0
2018-10-29,137.9
2018-10-30,137.1
2018-10-31,136.5
2018-11-01,136.1
2018-11-02,135.6
2018-11-05,135.3
2018-11-06,134.5
2018-11-07,133.3
2018-11-08,132.1
2018-11-09,130.6
2018-11-12,129.0
2018-11-13,127.6
2018-11-14,126.7
2018-11-15,126.0
2018-11-16,125.1
2018-11-19,124.2
2018-11-20,123.6
2018-11-21,122.9
2018-11-22,122.4
2018-11-23,122.2
2018-11-26,121.8
2018-11-27,121.2
2018-11-28,120.1
2018-11-29,118.7
2018-11-30,117.7
2018-12-03,116.1
2018-12-04,115.3
2018-12-05,114.7
2018-12-06,114.7
2018-12-07,114.8
2018-12-10,115.1
2018-12-11,115.1
2018-12-12,115.5
2018-12-13,115.6
2018-12-14,115.7
2018-12-17,115.7
2018-12-18,115.8
2018-12-19,116.1
2018-12-20,116.2
2018-12-21,115.9
2018-12-24,115.6
2018-12-25,115.1
2018-12-26,114.7
2018-12-27,114.7
2018-12-28,113.2
2018-12-31,112.0
2019-01-01,112.1
2019-01-02,112.0
2019-01-03,112.1
2019-01-04,112.2
2019-01-07,113.0
2019-01-08,113.7
2019-01-09,114.9
2019-01-10,115.1
2019-01-11,116.4
2019-01-14,116.7
2019-01-15,117.1
2019-01-16,117.0
2019-01-17,116.9
2019-01-18,117.0
2019-01-21,117.1
2019-01-22,117.0
2019-01-23,117.2
2019-01-24,117.5
2019-01-25,117.6
2019-01-28,117.5
2019-01-29,117.4
2019-01-30,116.9
2019-01-31,116.2
2019-02-01,115.7
2019-02-04,115.7
2019-02-05,115.5
2019-02-06,116.0
2019-02-07,116.4
2019-02-08,117.0
2019-02-11,117.7
2019-02-12,118.5
2019-02-13,118.7
2019-02-14,119.0
2019-02-15,119.2
2019-02-18,119.6
2019-02-19,119.9
2019-02-20,120.8
2019-02-21,121.5
2019-02-22,121.6
2019-02-25,122.9
2019-02-26,123.4
2019-02-27,123.7
2019-02-28,123.6
2019-03-01,123.9
2019-03-04,124.0
2019-03-05,124.0
2019-03-06,124.1
2019-03-07,124.4
2019-03-08,124.6
2019-03-11,125.6
2019-03-12,126.0
2019-03-13,126.8
2019-03-14,128.0
2019-03-15,128.2
2019-03-18,129.6
2019-03-19,130.0
2019-03-20,130.2
2019-03-21,130.7
2019-03-22,131.1
2019-03-25,131.2
2019-03-26,131.3
2019-03-27,131.4
2019-03-28,131.4
2019-03-29,131.6
2019-04-01,131.6
2019-04-02,131.6
2019-04-03,131.6
2019-04-04,131.9
2019-04-05,132.1
2019-04-08,132.3
2019-04-09,132.4
2019-04-10,132.5
2019-04-11,132.7
2019-04-12,133.9
2019-04-15,134.5
2019-04-16,135.4
2019-04-17,135.7
2019-04-18,136.4
2019-04-19,136.5
2019-04-22,136.6
2019-04-23,136.4
2019-04-24,136.5
2019-04-25,136.6
2019-04-26,136.8
2019-04-29,138.1
2019-04-30,138.2
2019-05-01,138.1
2019-05-02,137.9
2019-05-03,137.8
2019-05-06,137.3
2019-05-07,136.3
2019-05-08,135.5
2019-05-09,134.7
2019-05-10,134.2
2019-05-13,133.5
2019-05-14,132.7
2019-05-15,132.7
2019-05-16,132.8
2019-05-17,133.1
2019-05-20,133.6
2019-05-21,135.0
2019-05-22,135.5
2019-05-23,135.9
2019-05-24,136.2
2019-05-27,136.1
2019-05-28,135.2
2019-05-29,134.7
2019-05-30,134.0
2019-05-31,133.1
2019-06-03,131.1
2019-06-04,130.2
2019-06-05,128.5
2019-06-06,125.5
2019-06-07,126.5
2019-06-10,123.0
2019-06-11,122.8
2019-06-12,122.4
2019-06-13,122.6
2019-06-14,122.8
2019-06-17,123.2
2019-06-18,123.3
2019-06-19,123.2
2019-06-20,123.1
2019-06-21,123.1
2019-06-24,123.4
2019-06-25,124.0
2019-06-26,124.7
2019-06-27,125.3
2019-06-28,125.9
2019-07-01,127.4
2019-07-02,127.5
2019-07-03,127.7
2019-07-04,127.9
2019-07-05,127.9
2019-07-08,128.1
2019-07-09,128.3
2019-07-10,128.4
2019-07-11,128.6
2019-07-12,130.1
2019-07-15,130.5
2019-07-16,131.4
2019-07-17,132.4
2019-07-18,132.8
2019-07-19,132.9
2019-07-22,132.7
2019-07-23,132.2
2019-07-24,130.9
2019-07-25,130.7
2019-07-26,129.5
2019-07-29,128.7
2019-07-30,128.7
2019-07-31,128.6
2019-08-01,128.8
2019-08-02,129.1
2019-08-05,129.5
2019-08-06,129.8
2019-08-07,129.8
2019-08-08,129.7
2019-08-09,129.3
2019-08-12,129.2
2019-08-13,129.1
2019-08-14,128.8
2019-08-15,128.8
2019-08-16,129.1
2019-08-19,129.3
2019-08-20,129.3
2019-08-21,129.4
2019-08-22,129.3
2019-08-23,129.3
2019-08-26,129.3
2019-08-27,129.3
2019-08-28,129.3175
2019-08-29,129.20999999999998
2019-08-30,129.065
2019-09-02,129.1
2019-09-03,129.2
2019-09-04,129.2
2019-09-05,128.5
2019-09-06,128.5
2019-09-09,127.8
2019-09-10,127.6
2019-09-11,127.7
2019-09-12,128.5
2019-09-13,129.8
2019-09-16,130.9
2019-09-17,131.0
2019-09-18,132.1
2019-09-19,134.1
2019-09-20,136.1
2019-09-23,138.3
2019-09-24,138.9
2019-09-25,140.0
2019-09-26,139.6
2019-09-27,139.6
2019-09-30,138.8
2019-10-01,137.1
2019-10-02,135.7
2019-10-03,134.6
2019-10-04,133.4
2019-10-07,133.1
2019-10-08,133.6
2019-10-09,133.8
2019-10-10,134.9
2019-10-11,135.4
2019-10-14,136.3
2019-10-15,136.9
2019-10-16,137.0
2019-10-17,136.9
2019-10-18,136.6
2019-10-21,136.4
2019-10-22,136.0
2019-10-23,135.1
2019-10-24,134.6
2019-10-25,133.5
2019-10-28,132.6
2019-10-29,132.1
2019-10-30,131.8
2019-10-31,131.5
2019-11-01,131.3
2019-11-04,130.8
2019-11-05,129.8
2019-11-06,130.0
2019-11-07,130.4
2019-11-08,131.2
2019-11-11,132.4
2019-11-12,134.3
2019-11-13,135.4
2019-11-14,136.3
2019-11-15,136.7
2019-11-18,137.2
2019-11-19,137.3
2019-11-20,137.1
2019-11-21,136.9
2019-11-22,136.4
2019-11-25,136.0
2019-11-26,135.9
2019-11-27,135.8
2019-11-28,135.9
2019-11-29,135.9
2019-12-02,135.9
2019-12-03,136.0
2019-12-04,136.0
2019-12-05,135.4
2019-12-06,135.1
2019-12-09,134.8
2019-12-10,134.6
2019-12-11,134.6
2019-12-12,134.7
2019-12-13,134.9
2019-12-16,134.7
2019-12-17,134.2
2019-12-18,133.7
2019-12-19,133.2
2019-12-20,132.9
2019-12-23,133.2
2019-12-24,133.2
2019-12-25,133.5
2019-12-26,133.6
2019-12-27,133.8
2019-12-30,135.1
2019-12-31,136.0
2020-01-01,136.0
2020-01-02,136.0
2020-01-03,135.6
2020-01-06,134.7
2020-01-07,134.1
2020-01-08,134.2
2020-01-09,134.3
2020-01-10,134.5
2020-01-13,134.4
2020-01-14,134.5
2020-01-15,133.5
2020-01-16,132.8
2020-01-17,132.3
2020-01-20,131.9
2020-01-21,131.4
2020-01-22,131.2
2020-01-23,131.0
2020-01-24,130.9
2020-01-27,130.8
2020-01-28,130.7
2020-01-29,129.7
2020-01-30,128.7
2020-01-31,127.7
2020-02-03,127.8
2020-02-04,127.1
2020-02-05,126.8
2020-02-06,126.6
2020-02-07,126.2
2020-02-10,125.9
2020-02-11,125.6
2020-02-12,125.7
2020-02-13,125.8
2020-02-14,126.1
2020-02-17,126.4
2020-02-18,126.6
2020-02-19,126.7
2020-02-20,126.7
2020-02-21,127.0
2020-02-24,127.4
2020-02-25,127.8
2020-02-26,127.9
2020-02-27,127.8
2020-02-28,127.5
2020-03-02,126.1
2020-03-03,124.5
2020-03-04,122.4
2020-03-05,121.6
2020-03-06,120.9
2020-03-09,120.9
2020-03-10,119.7
2020-03-11,117.5
2020-03-12,114.9
2020-03-13,113.5
2020-03-16,110.9
2020-03-17,108.4
2020-03-18,105.0
2020-03-19,104.2
2020-03-20,97.0
2020-03-23,95.5
2020-03-24,95.0
2020-03-25,92.9
2020-03-26,91.0
2020-03-27,89.6
2020-03-30,88.5
2020-03-31,87.0
2020-04-01,85.8
2020-04-02,85.1
2020-04-03,84.5
2020-04-06,84.3
2020-04-07,84.4
2020-04-08,85.0
2020-04-09,85.1
2020-04-10,85.5
2020-04-13,85.6
2020-04-14,84.8
2020-04-15,83.3
2020-04-16,82.0
2020-04-17,81.5
2020-04-20,81.4
2020-04-21,82.0
2020-04-22,82.8
2020-04-23,82.9
2020-04-24,83.1
2020-04-27,83.3
2020-04-28,83.8
2020-04-29,84.5
2020-04-30,84.9
2020-05-01,86.4
2020-05-04,87.1
2020-05-05,88.1
2020-05-06,89.1
2020-05-07,90.6
2020-05-08,91.5
2020-05-11,92.8
2020-05-12,93.9
2020-05-13,94.8
2020-05-14,95.6
2020-05-15,95.3
2020-05-18,95.1
2020-05-19,95.0
2020-05-20,95.3
2020-05-21,96.2
2020-05-22,96.9
2020-05-25,97.4
2020-05-26,98.0
2020-05-27,97.9
2020-05-28,97.7
2020-05-29,97.4
2020-06-01,96.7
2020-06-02,96.6
2020-06-03,97.1
2020-06-04,97.5
2020-06-05,98.5
2020-06-08,98.9
2020-06-09,100.0
2020-06-10,101.2
2020-06-11,102.4
2020-06-12,102.6
2020-06-15,103.0
2020-06-16,102.7
2020-06-17,102.3
2020-06-18,102.4
2020-06-19,102.8
2020-06-22,103.6
2020-06-23,104.2
2020-06-24,105.7
2020-06-25,106.8
2020-06-26,106.9
2020-06-29,106.5
2020-06-30,105.9
2020-07-01,104.9
2020-07-02,104.2
2020-07-03,103.4
2020-07-06,103.3
2020-07-07,103.8
2020-07-08,104.5
2020-07-09,104.8
2020-07-10,104.9
2020-07-13,105.0
2020-07-14,105.0
2020-07-15,104.9
2020-07-16,104.5
2020-07-17,104.2
2020-07-20,104.1
2020-07-21,103.9
2020-07-22,103.6
2020-07-23,103.6
2020-07-24,103.4
2020-07-27,103.4
2020-07-28,103.3
2020-07-29,103.3
2020-07-30,103.0
2020-07-31,102.8
2020-08-03,102.4
2020-08-04,102.3
2020-08-05,101.8
2020-08-06,101.5
2020-08-07,101.6
2020-08-10,102.0
2020-08-11,102.3
2020-08-12,103.0
2020-08-13,103.9
2020-08-14,104.2
2020-08-17,104.4
2020-08-18,104.6
2020-08-19,104.7
2020-08-20,104.8
2020-08-21,104.8
2020-08-24,104.9
2020-08-25,105.0
2020-08-26,105.0
2020-08-27,105.4
2020-08-28,105.5
2020-08-31,105.6
2020-09-01,105.7
2020-09-02,105.6
2020-09-03,105.2
2020-09-04,104.8
2020-09-07,104.2
2020-09-08,103.9
2020-09-09,103.5
2020-09-10,102.9
2020-09-11,102.4
2020-09-14,102.0
2020-09-15,101.6
2020-09-16,101.2
2020-09-17,101.1
2020-09-18,101.1
2020-09-21,101.3
2020-09-22,102.3
2020-09-23,102.9
2020-09-24,103.4
2020-09-25,103.9
2020-09-28,104.0
2020-09-29,104.1
2020-09-30,104.4
2020-10-01,104.9
2020-10-02,105.1
2020-10-05,105.0
2020-10-06,104.9
2020-10-07,104.3
2020-10-08,104.0
2020-10-09,104.0
2020-10-12,104.1
2020-10-13,104.2
2020-10-14,104.2
2020-10-15,104.1
2020-10-16,104.1
2020-10-19,103.6
2020-10-20,103.4
2020-10-21,103.2
2020-10-22,103.3
2020-10-23,103.4
2020-10-26,103.4
2020-10-27,103.4
2020-10-28,103.1
2020-10-29,102.6
2020-10-30,102.0
2020-11-02,101.8
2020-11-03,101.0
2020-11-04,100.2
2020-11-05,99.9
2020-11-06,99.7
2020-11-09,99.8
2020-11-10,99.9
2020-11-11,100.4
2020-11-12,100.8
2020-11-13,101.8
2020-11-16,102.2
2020-11-17,102.5
2020-11-18,102.9
2020-11-19,102.9
2020-11-20,102.5
2020-11-23,102.4
2020-11-24,102.4
2020-11-25,102.6
2020-11-26,103.1
2020-11-27,103.8
2020-11-30,104.2
2020-12-01,105.2
2020-12-02,105.6
2020-12-03,105.8
2020-12-04,105.8
2020-12-07,105.9
2020-12-08,105.8
2020-12-09,105.9
2020-12-10,106.0
2020-12-11,106.3
2020-12-14,106.6
2020-12-15,107.0
2020-12-16,107.3
2020-12-17,107.6
2020-12-18,108.0
2020-12-21,108.3
2020-12-22,108.4
2020-12-23,108.5
2020-12-24,108.5
2020-12-25,108.5
2020-12-28,108.5
2020-12-29,108.5
2020-12-30,108.7
2020-12-31,109.0
2021-01-01,109.0
2021-01-04,109.1
2021-01-05,109.1
2021-01-06,109.2
2021-01-07,109.2
2021-01-08,109.4
2021-01-11,109.9
2021-01-12,110.4
2021-01-13,111.0
2021-01-14,111.7
2021-01-15,112.3
2021-01-18,112.6
2021-01-19,112.9
2021-01-20,113.0
2021-01-21,112.9
2021-01-22,112.8
2021-01-25,112.7
2021-01-26,112.6
2021-01-27,112.7
2021-01-28,112.8
2021-01-29,112.9
2021-02-01,113.3
2021-02-02,113.5
2021-02-03,113.8
2021-02-04,114.2
2021-02-05,114.8
2021-02-08,115.3
2021-02-09,116.5
2021-02-10,117.3
2021-02-11,117.9
2021-02-12,118.1
2021-02-15,118.1
2021-02-16,118.0
2021-02-17,118.3
2021-02-18,118.6
2021-02-19,119.4
2021-02-22,119.8
2021-02-23,120.5
2021-02-24,120.8
2021-02-25,121.0
2021-02-26,121.4
2021-03-01,121.4
2021-03-02,122.0
2021-03-03,122.2
2021-03-04,122.6
2021-03-05,122.7
2021-03-08,122.8
2021-03-09,123.1
2021-03-10,123.6
2021-03-11,124.2
2021-03-12,124.4
2021-03-15,125.1
2021-03-16,126.8
2021-03-17,127.0
2021-03-18,127.3
2021-03-19,127.4
2021-03-22,127.5
2021-03-23,126.7
2021-03-24,125.8
2021-03-25,124.9
2021-03-26,124.2
2021-03-29,123.8
2021-03-30,123.9
2021-03-31,124.2
2021-04-01,124.7
2021-04-02,125.1
2021-04-05,125.3
2021-04-06,125.4
2021-04-07,126.0
2021-04-08,125.8
2021-04-09,125.5
2021-04-12,125.2
2021-04-13,124.8
2021-04-14,124.6
2021-04-15,125.1
2021-04-16,124.8
2021-04-19,125.2
2021-04-20,125.7
2021-04-21,126.3
2021-04-22,126.8
2021-04-23,126.9
2021-04-26,126.7
2021-04-27,126.4
2021-04-28,125.9
2021-04-29,125.4
2021-04-30,125.2
2021-05-03,125.4
2021-05-04,125.9
2021-05-05,126.4
2021-05-06,127.0
2021-05-07,127.8
2021-05-10,128.1
2021-05-11,128.2
2021-05-12,128.1
2021-05-13,127.6
2021-05-14,127.4
2021-05-17,127.2
2021-05-18,126.7
2021-05-19,126.5
2021-05-20,126.6
2021-05-21,126.6
2021-05-24,126.5
2021-05-25,126.4
2021-05-26,126.5
2021-05-27,126.5
2021-05-28,126.7
2021-05-31,126.8
2021-06-01,127.6
2021-06-02,127.8
2021-06-03,128.0
2021-06-04,128.1
2021-06-07,128.3
2021-06-08,128.6
2021-06-09,128.8
2021-06-10,129.0
2021-06-11,129.3
2021-06-14,129.4
2021-06-15,129.7
2021-06-16,130.0
2021-06-17,130.3
2021-06-18,131.0
2021-06-21,131.4
2021-06-22,131.6
2021-06-23,132.1
2021-06-24,132.5
2021-06-25,133.3
2021-06-28,134.0
2021-06-29,134.6
2021-06-30,135.0
2021-07-01,135.1
2021-07-02,135.3
2021-07-05,135.7
2021-07-06,136.3
2021-07-07,136.8
2021-07-08,138.1
2021-07-09,138.5
2021-07-12,138.5
2021-07-13,138.5
2021-07-14,138.4
2021-07-15,138.2
2021-07-16,138.3
2021-07-19,138.3
2021-07-20,138.2
2021-07-21,138.1
2021-07-22,137.7
2021-07-23,137.1
2021-07-26,136.9
2021-07-27,137.1
2021-07-28,137.1
2021-07-29,138.0
2021-07-30,138.5
2021-08-02,139.2
2021-08-03,140.0
2021-08-04,139.7
2021-08-05,140.2
2021-08-06,139.9
2021-08-09,139.9
2021-08-10,138.7
2021-08-11,138.3
2021-08-12,138.1
2021-08-13,138.1
2021-08-16,138.2
2021-08-17,138.3
2021-08-18,138.0
2021-08-19,137.8
2021-08-20,137.7
2021-08-23,136.6
2021-08-24,136.7
2021-08-25,135.7
2021-08-26,135.6
2021-08-27,135.8
2021-08-30,135.9
2021-08-31,136.7
2021-09-01,137.3
2021-09-02,137.4
2021-09-03,137.4
2021-09-06,137.2
2021-09-07,137.2
2021-09-08,137.0
2021-09-09,136.8
2021-09-10,136.8
2021-09-13,136.9
2021-09-14,136.8
2021-09-15,137.3
2021-09-16,137.7
2021-09-17,138.3
2021-09-20,138.8
2021-09-21,139.5
2021-09-22,139.7
2021-09-23,140.1
2021-09-24,140.4
2021-09-27,140.9
2021-09-28,141.5
2021-09-29,142.1
2021-09-30,142.9
2021-10-01,143.2
2021-10-04,144.4
2021-10-05,144.6
2021-10-06,145.3
2021-10-07,146.1
2021-10-08,147.0
2021-10-11,147.3
2021-10-12,148.4
2021-10-13,149.4
2021-10-14,150.0
2021-10-15,150.6
2021-10-18,151.6
2021-10-19,152.7
2021-10-20,153.5
2021-10-21,154.1
2021-10-22,154.5
2021-10-25,154.9
2021-10-26,155.4
2021-10-27,156.2
2021-10-28,157.1
2021-10-29,157.7
2021-11-01,157.6
2021-11-02,156.8
2021-11-03,156.2
2021-11-04,155.8
2021-11-05,155.7
2021-11-08,155.5
2021-11-09,155.0
2021-11-10,154.4
2021-11-11,153.9
2021-11-12,153.7
2021-11-15,153.5
2021-11-16,153.2
2021-11-17,152.6
2021-11-18,152.3
2021-11-19,151.6
2021-11-22,150.8
2021-11-23,150.2
2021-11-24,149.2
2021-11-25,148.4
2021-11-26,148.2
2021-11-29,148.0
2021-11-30,147.1
2021-12-01,146.4
2021-12-02,145.0
2021-12-03,143.4
2021-12-06,142.0
2021-12-07,141.3
2021-12-08,141.3
2021-12-09,142.1
2021-12-10,143.2
2021-12-13,144.3
2021-12-14,145.8
2021-12-15,146.7
2021-12-16,147.1
2021-12-17,147.0
2021-12-20,146.8
2021-12-21,146.7
2021-12-22,145.7
2021-12-23,145.5
2021-12-24,145.5
2021-12-27,145.4
2021-12-28,145.5
2021-12-29,146.2
2021-12-30,147.0
2021-12-31,148.4
2022-01-03,149.3
2022-01-04,149.5
2022-01-05,150.1
2022-01-06,150.4
2022-01-07,150.6
2022-01-10,150.9
2022-01-11,151.3
2022-01-12,151.7
2022-01-13,152.0
2022-01-14,152.5
2022-01-17,153.3
2022-01-18,153.7
2022-01-19,154.5
2022-01-20,155.3
2022-01-21,156.2
2022-01-24,156.9
2022-01-25,157.2
2022-01-26,157.7
2022-01-27,157.8
2022-01-28,158.7
2022-01-31,160.2
2022-02-01,162.1
2022-02-02,163.4
2022-02-03,164.1
2022-02-04,164.6
2022-02-07,165.2
2022-02-08,166.1
2022-02-09,166.5
2022-02-10,166.7
2022-02-11,166.9
2022-02-14,167.3
2022-02-15,168.0
2022-02-16,168.8
2022-02-17,169.7
2022-02-18,170.2
2022-02-21,170.0
2022-02-22,169.8
2022-02-23,169.5
2022-02-24,169.8
2022-02-25,169.7
2022-02-28,170.9
2022-03-01,172.4
2022-03-02,173.3
2022-03-03,174.5
2022-03-04,177.8
2022-03-07,178.9
2022-03-08,183.8
2022-03-09,187.3
2022-03-10,192.3
2022-03-11,196.8
2022-03-14,197.9
2022-03-15,198.2
2022-03-16,196.4
2022-03-17,194.2
2022-03-18,188.7
2022-03-21,187.3
2022-03-22,185.8
2022-03-23,186.0
2022-03-24,187.2
2022-03-25,188.1
2022-03-28,189.2
2022-03-29,188.7
2022-03-30,175.8
2022-03-31,162.3
2022-04-01,161.1
2022-04-04,159.8
2022-04-05,158.0
2022-04-06,156.9
2022-04-07,156.0
2022-04-08,155.4
2022-04-11,154.6
2022-04-12,154.3
2022-04-13,153.8
2022-04-14,153.3
2022-04-15,153.2
2022-04-18,153.6
2022-04-19,155.1
2022-04-20,158.4
2022-04-21,160.5
2022-04-22,161.9
2022-04-25,162.6
2022-04-26,162.8
2022-04-27,163.0
2022-04-28,163.5
2022-04-29,164.9
2022-05-02,166.2
2022-05-03,167.9
2022-05-04,168.2
2022-05-05,171.0
2022-05-06,174.6
2022-05-09,176.4
2022-05-10,178.7
2022-05-11,179.9
2022-05-12,180.3
2022-05-13,180.5
2022-05-16,181.0
2022-05-17,181.9
2022-05-18,182.8
2022-05-19,185.5
2022-05-20,188.1
2022-05-23,189.6
2022-05-24,190.7
2022-05-25,190.5
2022-05-26,189.2
2022-05-27,188.2
2022-05-30,187.8
2022-05-31,187.6
2022-06-01,189.0
2022-06-02,190.9
2022-06-03,191.2
2022-06-06,190.9
2022-06-07,190.5
2022-06-08,189.9
2022-06-09,189.8
2022-06-10,190.3
2022-06-13,192.0
2022-06-14,193.9
2022-06-15,195.3
2022-06-16,198.0
2022-06-17,200.0
2022-06-20,201.4
2022-06-21,201.6
2022-06-22,201.7
2022-06-23,201.7
2022-06-24,201.2
2022-06-27,200.8
2022-06-28,200.8
2022-06-29,200.8
2022-06-30,200.3
2022-07-01,201.7
2022-07-04,200.7
2022-07-05,199.8
2022-07-06,199.0
2022-07-07,196.9
2022-07-08,193.6
2022-07-11,187.8
2022-07-12,184.4
2022-07-13,181.2
2022-07-14,176.7
2022-07-15,173.3
2022-07-18,169.9
2022-07-19,167.3
2022-07-20,166.4
2022-07-21,164.4
2022-07-22,164.0
2022-07-25,162.5
2022-07-26,161.0
2022-07-27,159.6
2022-07-28,159.3
2022-07-29,159.1
2022-08-01,160.2
2022-08-02,162.5
2022-08-03,163.7
2022-08-04,162.4
2022-08-05,161.7
2022-08-08,160.8
2022-08-09,158.1
2022-08-10,156.2
2022-08-11,155.3
2022-08-12,153.7
2022-08-15,153.6
2022-08-16,154.7
2022-08-17,154.5
2022-08-18,154.2
2022-08-19,154.4
2022-08-22,155.2
2022-08-23,155.9
2022-08-24,156.7
2022-08-25,158.1
2022-08-26,159.6
2022-08-29,160.1
2022-08-30,159.9
2022-08-31,159.9
2022-09-01,159.3
2022-09-02,157.0
2022-09-05,154.0
2022-09-06,152.8
2022-09-07,152.3
2022-09-08,151.6
2022-09-09,152.5
2022-09-12,152.6
2022-09-13,152.9
2022-09-14,153.6
2022-09-15,153.8
2022-09-16,153.7
2022-09-19,153.9
2022-09-20,152.3
2022-09-21,150.7
2022-09-22,149.9
2022-09-23,149.3
2022-09-26,148.2
2022-09-27,147.3
2022-09-28,153.4
2022-09-29,172.0
2022-09-30,172.0
2022-10-03,171.5
2022-10-04,171.6
2022-10-05,172.0
2022-10-06,171.8
2022-10-07,172.1
2022-10-10,172.5
2022-10-11,173.3
2022-10-12,174.0
2022-10-13,174.8
2022-10-14,175.9
2022-10-17,176.3
2022-10-18,176.5
2022-10-19,176.4
2022-10-20,176.7
2022-10-21,176.2
2022-10-24,176.5
2022-10-25,176.5
2022-10-26,176.3
2022-10-27,176.3
2022-10-28,176.1
2022-10-31,175.3
2022-11-01,174.7
2022-11-02,174.3
2022-11-03,174.1
2022-11-04,174.6
2022-11-07,175.5
2022-11-08,177.7
2022-11-09,179.9
2022-11-10,181.3
2022-11-11,181.8
2022-11-14,181.6
2022-11-15,180.7
2022-11-16,179.9
2022-11-17,178.3
2022-11-18,176.7
2022-11-21,175.8
2022-11-22,174.8
2022-11-23,174.2
2022-11-24,173.9
2022-11-25,173.6
2022-11-28,172.7
2022-11-29,172.0
2022-11-30,170.5
2022-12-01,169.0
2022-12-02,167.8
2022-12-05,167.1
2022-12-06,166.4
2022-12-07,166.3
2022-12-08,165.9
2022-12-09,165.5
2022-12-12,164.5
2022-12-13,163.1
2022-12-14,161.5
2022-12-15,161.3
2022-12-16,161.1
2022-12-19,161.2
2022-12-20,161.9
2022-12-21,162.5
2022-12-22,163.1
2022-12-23,163.1
2022-12-26,163.4
2022-12-27,163.6
2022-12-28,165.4
2022-12-29,165.8
2022-12-30,167.4
2023-01-02,168.8
2023-01-03,169.9
2023-01-04,170.8
2023-01-05,170.6
2023-01-06,169.0
2023-01-09,168.4
2023-01-10,166.5
2023-01-11,165.3
2023-01-12,164.0
2023-01-13,163.5
2023-01-16,163.9
2023-01-17,164.7
2023-01-18,166.1
2023-01-19,166.6
2023-01-20,167.9
2023-01-23,169.1
2023-01-24,170.1
2023-01-25,170.6
2023-01-26,172.4
2023-01-27,172.9
2023-01-30,174.0
2023-01-31,174.0
2023-02-01,174.2
2023-02-02,173.1
2023-02-03,172.2
2023-02-06,171.0
2023-02-07,170.4
2023-02-08,169.8
2023-02-09,170.3
2023-02-10,170.8
2023-02-13,171.2
2023-02-14,171.9
2023-02-15,173.0
2023-02-16,173.3
2023-02-17,173.2
2023-02-20,173.2
2023-02-21,172.6
2023-02-22,172.3
2023-02-23,171.9
2023-02-24,171.7
2023-02-27,171.4
2023-02-28,171.8
2023-03-01,172.2
2023-03-02,172.3
2023-03-03,172.9
2023-03-06,173.5
2023-03-07,173.8
2023-03-08,174.9
2023-03-09,175.4
2023-03-10,176.0
2023-03-13,176.5
2023-03-14,176.5
2023-03-15,176.1
2023-03-16,175.9
2023-03-17,174.9
2023-03-20,173.7
2023-03-21,172.4
2023-03-22,170.2
2023-03-23,169.5
2023-03-24,169.3
2023-03-27,169.8
2023-03-28,170.8
2023-03-29,172.8
2023-03-30,174.1
2023-03-31,175.1
2023-04-03,175.3
2023-04-04,175.7
2023-04-05,176.9
2023-04-06,177.3
2023-04-07,178.2
2023-04-10,178.5
2023-04-11,180.2
2023-04-12,180.3
2023-04-13,180.8
2023-04-14,181.3
2023-04-17,181.3
2023-04-18,180.9
2023-04-19,180.1
2023-04-20,179.0
2023-04-21,178.0
2023-04-24,177.3
2023-04-25,175.7
2023-04-26,174.9
2023-04-27,173.7
2023-04-28,172.8
2023-05-01,172.2
2023-05-02,171.5
2023-05-03,170.5
2023-05-04,169.7
2023-05-05,168.1
2023-05-08,166.5
2023-05-09,165.1
2023-05-10,164.1
2023-05-11,163.1
2023-05-12,163.0
2023-05-15,163.2
2023-05-16,163.5
2023-05-17,164.2
2023-05-18,164.3
2023-05-19,164.5
2023-05-22,165.2
2023-05-23,166.8
2023-05-24,167.2
2023-05-25,168.5
2023-05-26,169.8
2023-05-29,170.3
2023-05-30,170.9
2023-05-31,171.1
2023-06-01,171.1
2023-06-02,170.6
2023-06-05,169.9
2023-06-06,169.6
2023-06-07,169.6
2023-06-08,169.1
2023-06-09,169.2
2023-06-12,169.4
2023-06-13,169.2
2023-06-14,168.8
2023-06-15,168.3
2023-06-16,167.7
2023-06-19,166.8
2023-06-20,166.5
2023-06-21,166.3
2023-06-22,166.2
2023-06-23,166.3
2023-06-26,166.4
2023-06-27,165.9
2023-06-28,165.6
2023-06-29,165.3
2023-06-30,165.8
2023-07-03,164.8
2023-07-04,165.2
2023-07-05,165.7
2023-07-06,165.6
2023-07-07,165.3
2023-07-10,165.2
2023-07-11,165.4
2023-07-12,165.6
2023-07-13,166.1
2023-07-14,167.7
2023-07-17,168.8
2023-07-18,169.5
2023-07-19,170.1
2023-07-20,171.0
2023-07-21,171.7
2023-07-24,172.6
2023-07-25,173.5
2023-07-26,175.3
2023-07-27,176.4
2023-07-28,177.4
2023-07-31,178.4
2023-08-01,180.3
2023-08-02,181.0
2023-08-03,182.2
2023-08-04,182.6
2023-08-07,182.2
2023-08-08,182.3
2023-08-09,182.3
2023-08-10,182.2
2023-08-11,182.3
2023-08-14,185.1
2023-08-15,186.4
2023-08-16,187.6
2023-08-17,188.4
2023-08-18,188.8
2023-08-21,189.0
2023-08-22,189.0
2023-08-23,188.7
2023-08-24,188.8
2023-08-25,188.9
2023-08-28,189.3
2023-08-29,189.8
2023-08-30,190.3
2023-08-31,190.3
2023-09-01,190.0
2023-09-04,189.9
2023-09-05,189.0
2023-09-06,189.0
2023-09-07,189.0
2023-09-08,189.7
2023-09-11,190.1
2023-09-12,191.0
2023-09-13,191.5
2023-09-14,192.9
2023-09-15,193.8
2023-09-18,194.8
2023-09-19,195.8
2023-09-20,197.5
2023-09-21,197.6
2023-09-22,197.1
2023-09-25,195.4
2023-09-26,194.3
2023-09-27,192.9
2023-09-28,190.8
2023-09-29,189.9
2023-10-02,189.0
2023-10-03,187.5
2023-10-04,186.6
2023-10-05,184.7
2023-10-06,183.3
2023-10-09,180.8
2023-10-10,179.8
2023-10-11,179.4
2023-10-12,178.6
2023-10-13,178.4
2023-10-16,178.6
2023-10-17,179.3
2023-10-18,180.0
2023-10-19,180.3
2023-10-20,181.3
2023-10-23,182.0
2023-10-24,182.4
2023-10-25,182.9
2023-10-26,183.2
2023-10-27,183.4
2023-10-30,183.6
2023-10-31,183.7
2023-11-01,183.1
2023-11-02,182.6
2023-11-03,182.1
2023-11-06,181.0
2023-11-07,180.3
2023-11-08,179.7
2023-11-09,178.8
2023-11-10,178.3
2023-11-13,177.8
2023-11-14,177.8
2023-11-15,177.9
2023-11-16,178.6
2023-11-17,178.3
2023-11-20,177.3
2023-11-21,175.6
2023-11-22,174.7
2023-11-23,173.6
2023-11-24,173.2
2023-11-27,173.3
2023-11-28,173.3
2023-11-29,173.1
2023-11-30,173.0
2023-12-01,172.9
2023-12-04,172.8
2023-12-05,171.9
2023-12-06,170.8
2023-12-07,169.8
2023-12-08,168.6
2023-12-11,167.3
2023-12-12,166.8
2023-12-13,166.5
2023-12-14,166.1
2023-12-15,165.6
2023-12-18,165.6
2023-12-19,165.8
2023-12-20,166.2
2023-12-21,166.5
2023-12-22,167.2
2023-12-25,167.2
2023-12-26,167.2
2023-12-27,166.8
2023-12-28,166.5
2023-12-29,166.3
2024-01-01,166.0
2024-01-02,165.9
2024-01-03,165.4
2024-01-04,164.9
2024-01-05,164.7
2024-01-08,165.4
2024-01-09,165.7
2024-01-10,165.8
2024-01-11,165.9
2024-01-12,166.2
2024-01-15,166.4
2024-01-16,167.3
2024-01-17,168.2
2024-01-18,169.5
2024-01-19,169.9
2024-01-22,172.1
2024-01-23,173.1
2024-01-24,174.4
2024-01-25,176.6
2024-01-26,177.4
2024-01-29,178.5
2024-01-30,181.3
2024-01-31,182.4
2024-02-01,182.7
2024-02-02,182.8
2024-02-05,183.2
2024-02-06,182.5
2024-02-07,181.6
2024-02-08,181.1
2024-02-09,180.7
2024-02-12,180.9
2024-02-13,181.4
2024-02-14,181.9
2024-02-15,182.8
2024-02-16,183.8
2024-02-19,183.8
2024-02-20,183.6
2024-02-21,183.5
2024-02-22,182.8
2024-02-23,181.9
2024-02-26,181.6
2024-02-27,181.3
2024-02-28,181.3
2024-02-29,181.9
2024-03-01,182.5
2024-03-04,182.6
2024-03-05,182.5
2024-03-06,182.3
2024-03-07,181.4
2024-03-08,180.9
2024-03-11,180.2
2024-03-12,179.7
2024-03-13,179.3
2024-03-14,179.0
2024-03-15,179.1
2024-03-18,179.3
2024-03-19,179.8
2024-03-20,181.2
2024-03-21,182.5
2024-03-22,183.1
2024-03-25,184.1
2024-03-26,185.0
2024-03-27,185.7
2024-03-28,186.2
2024-03-29,186.2
2024-04-01,186.2
2024-04-02,186.3
2024-04-03,186.4
2024-04-04,187.6
2024-04-05,187.8
2024-04-08,187.9
2024-04-09,187.7
2024-04-10,187.5
2024-04-11,186.9
2024-04-12,186.9
2024-04-15,187.2
2024-04-16,187.8
2024-04-17,188.7
2024-04-18,189.4
2024-04-19,190.0
2024-04-22,189.9
2024-04-23,189.7
2024-04-24,189.0
2024-04-25,188.8
2024-04-26,188.0
2024-04-29,187.6
2024-04-30,187.3
2024-05-01,187.1
2024-05-02,187.1
2024-05-03,186.4
2024-05-06,185.1
2024-05-07,182.9
2024-05-08,181.7
2024-05-09,180.2
2024-05-10,178.8
2024-05-13,178.2
2024-05-14,177.3
2024-05-15,176.7
2024-05-16,176.3
2024-05-17,175.8
2024-05-20,175.7
2024-05-21,175.5
2024-05-22,175.4
2024-05-23,175.2
2024-05-24,175.1
2024-05-27,174.6
2024-05-28,173.5
2024-05-29,172.8
2024-05-30,172.7
2024-05-31,172.3
2024-06-03,171.9
2024-06-04,171.2
2024-06-05,170.6
2024-06-06,169.6
2024-06-07,169.2
2024-06-10,169.1
2024-06-11,169.1
2024-06-12,169.8
2024-06-13,170.4
2024-06-14,170.7
2024-06-17,170.9
2024-06-18,171.2
2024-06-19,171.4
2024-06-20,171.7
2024-06-21,172.2
2024-06-24,172.9
2024-06-25,173.3
2024-06-26,173.7
2024-06-27,174.1
2024-06-28,174.5
2024-07-01,174.6
2024-07-02,174.9
2024-07-03,175.3
2024-07-04,176.2
2024-07-05,176.8
2024-07-08,177.0
2024-07-09,177.0
2024-07-10,176.6
2024-07-11,175.4
2024-07-12,174.8
2024-07-15,174.2
2024-07-16,173.8
2024-07-17,173.5
2024-07-18,173.4
2024-07-19,173.5
2024-07-22,173.5
2024-07-23,173.3
2024-07-24,172.7
2024-07-25,172.4
2024-07-26,172.1
2024-07-29,172.0
2024-07-30,172.1
2024-07-31,172.2
2024-08-01,172.1
2024-08-02,172.1
2024-08-05,172.7
2024-08-06,172.2
2024-08-07,170.7
2024-08-08,169.8
2024-08-09,168.6
2024-08-12,168.1
2024-08-13,167.7
2024-08-14,168.0
2024-08-15,168.4
2024-08-16,168.3
2024-08-19,168.1
2024-08-20,167.8
2024-08-21,167.1
2024-08-22,166.1
2024-08-23,164.9
2024-08-26,164.1
2024-08-27,163.2
2024-08-28,163.2
2024-08-29,163.1
2024-08-30,162.9
2024-09-02,162.9
2024-09-03,162.9
2024-09-04,162.6
2024-09-05,161.9
2024-09-06,161.0
2024-09-09,160.1
2024-09-10,158.9
2024-09-11,157.8
2024-09-12,156.8
2024-09-13,156.5
2024-09-16,156.4
2024-09-17,156.2
2024-09-18,156.3
2024-09-19,156.7
2024-09-20,157.6
2024-09-23,158.0
2024-09-24,159.0
2024-09-25,159.5
2024-09-26,159.5
2024-09-27,159.1
2024-09-30,158.1
2024-10-01,156.9
2024-10-02,155.7
2024-10-03,155.7
2024-10-04,155.7
2024-10-07,156.7
2024-10-08,158.4
2024-10-09,159.9
2024-10-10,161.8
2024-10-11,163.4
2024-10-14,163.9
2024-10-15,164.7
2024-10-16,164.1
2024-10-17,163.5
2024-10-18,163.0
2024-10-21,162.9
2024-10-22,162.4
2024-10-23,161.9
2024-10-24,162.0
2024-10-25,162.2
2024-10-28,162.0
2024-10-29,161.6
2024-10-30,161.2
2024-10-31,160.9
2024-11-01,160.6
2024-11-04,160.6
2024-11-05,161.1
2024-11-06,161.6
2024-11-07,162.2
2024-11-08,162.3
2024-11-11,162.3
2024-11-12,162.2
2024-11-13,161.8
2024-11-14,161.2
2024-11-15,161.1
2024-11-18,161.0
2024-11-19,160.9
2024-11-20,160.9
2024-11-21,161.3
2024-11-22,161.8
2024-11-25,162.4
2024-11-26,162.9
2024-11-27,163.5
2024-11-28,163.5
2024-11-29,163.6
2024-12-02,163.3
2024-12-03,163.0
2024-12-04,162.6
2024-12-05,162.3
2024-12-06,162.4
2024-12-09,162.6
2024-12-10,162.8
2024-12-11,162.9
2024-12-12,163.2
2024-12-13,163.6
2024-12-16,164.1
2024-12-17,165.1
2024-12-18,166.0
2024-12-19,166.5
2024-12-20,166.8
2024-12-23,166.9
2024-12-24,166.7
2024-12-25,166.4
2024-12-26,166.4
2024-12-27,166.4
2024-12-30,166.2
2024-12-31,166.4
2025-01-01,166.3
2025-01-02,166.4
2025-01-03,166.8
2025-01-06,167.4
2025-01-07,167.9
2025-01-08,168.6
2025-01-09,168.7
2025-01-10,168.8
2025-01-13,168.8
2025-01-14,168.7
2025-01-15,169.3
2025-01-16,170.1
2025-01-17,171.1
2025-01-20,171.8
2025-01-21,172.3
2025-01-22,172.2
2025-01-23,171.5
2025-01-24,170.8
2025-01-27,170.0
2025-01-28,169.8
2025-01-29,169.0
2025-01-30,169.0
2025-01-31,169.1
2025-02-03,169.4
2025-02-04,169.8
2025-02-05,170.3
2025-02-06,170.2
2025-02-07,170.0
2025-02-10,169.7
2025-02-11,169.2
2025-02-12,168.7
2025-02-13,168.7
2025-02-14,169.3
2025-02-17,169.4
2025-02-18,169.6
2025-02-19,169.8
2025-02-20,169.9
2025-02-21,170.0
2025-02-24,170.2
2025-02-25,170.3
2025-02-26,170.0
2025-02-27,169.4
2025-02-28,168.4
2025-03-03,167.8
2025-03-04,167.7
2025-03-05,167.5
2025-03-06,166.9
2025-03-07,166.1
2025-03-10,165.1
2025-03-11,164.4
2025-03-12,163.1
2025-03-13,162.0
2025-03-14,161.5
2025-03-17,161.6
2025-03-18,162.0
2025-03-19,162.5
2025-03-20,163.1
2025-03-21,163.2
2025-03-24,163.2
2025-03-25,163.4
2025-03-26,163.7
2025-03-27,164.3
2025-03-28,164.9
2025-03-31,165.6
2025-04-01,165.9
2025-04-02,166.1
2025-04-03,166.8
2025-04-04,167.4
2025-04-07,167.5
2025-04-08,166.7
2025-04-09,164.8
2025-04-10,163.0
2025-04-11,161.3
2025-04-14,159.2
2025-04-15,158.6
2025-04-16,156.5
2025-04-17,155.9
2025-04-18,155.6
2025-04-21,155.6
2025-04-22,155.6
2025-04-23,156.5
2025-04-24,156.6
2025-04-25,157.2
2025-04-28,157.4
2025-04-29,157.6
2025-04-30,158.1
2025-05-01,158.0
2025-05-02,157.4
2025-05-05,157.1
2025-05-06,156.5
2025-05-07,155.2
2025-05-08,154.4
2025-05-09,154.3
2025-05-12,154.1
2025-05-13,154.3
2025-05-14,154.7
2025-05-15,155.6
2025-05-16,156.4
2025-05-19,157.1
2025-05-20,157.3
2025-05-21,157.5
2025-05-22,157.5
2025-05-23,157.4
2025-05-26,157.4
2025-05-27,157.4
2025-05-28,157.3
2025-05-29,157.3
2025-05-30,157.1
2025-06-02,157.1
2025-06-03,157.0
2025-06-04,157.1
2025-06-05,157.2
2025-06-06,157.4
2025-06-09,157.3
2025-06-10,157.3
2025-06-11,157.4
2025-06-12,157.7
2025-06-13,158.0
2025-06-16,158.6
2025-06-17,159.7
2025-06-18,161.6
2025-06-19,162.9
2025-06-20,164.7
2025-06-23,166.3
2025-06-24,167.2
2025-06-25,168.8
2025-06-26,168.6
2025-06-27,167.6
2025-06-30,166.6
2025-07-01,165.5
2025-07-02,162.7
2025-07-03,161.4
2025-07-04,160.6
2025-07-07,160.3
2025-07-08,160.0
2025-07-09,159.9
2025-07-10,160.1
2025-07-11,160.4
2025-07-14,160.7
2025-07-15,160.6
2025-07-16,160.4
2025-07-17,160.2
2025-07-18,159.8
2025-07-21,159.6
2025-07-22,159.7
2025-07-23,159.5
2025-07-24,159.3
2025-07-25,159.2
2025-07-28,158.8
2025-07-29,157.8
2025-07-30,157.9
2025-07-31,157.9
2025-08-01,159.3
2025-08-04,161.3
2025-08-05,161.8
2025-08-06,163.0
2025-08-07,163.1
2025-08-08,163.2
2025-08-11,162.4
2025-08-12,162.1
2025-08-13,161.6
2025-08-14,161.6
2025-08-15,161.1
2025-08-18,161.7
2025-08-19,162.1
2025-08-20,161.4
2025-08-21,162.3
2025-08-22,162.7
2025-08-25,163.2
2025-08-26,164.0
2025-08-27,165.0
2025-08-28,165.3
2025-08-29,165.3
2025-09-01,164.7
2025-09-02,164.3
2025-09-03,164.6
2025-09-04,164.7
2025-09-05,164.9
2025-09-08,165.0
2025-09-09,165.1
2025-09-10,165.3
2025-09-11,165.0
2025-09-12,164.8
2025-09-15,164.6
2025-09-16,164.4
2025-09-17,164.2
2025-09-18,164.3
2025-09-19,164.3
2025-09-22,164.2
2025-09-23,164.2
2025-09-24,163.9
2025-09-25,163.2
2025-09-26,162.6
2025-09-29,162.4
2025-09-30,162.5
2025-10-01,162.9
2025-10-02,162.8
2025-10-03,162.9
2025-10-06,162.7
2025-10-07,161.8
2025-10-08,160.7
2025-10-09,160.2
2025-10-10,160.0
2025-10-13,160.2
2025-10-14,160.6
2025-10-15,161.0
2025-10-16,161.5
2025-10-17,161.4
2025-10-20,161.5
2025-10-21,161.4
2025-10-22,161.3
2025-10-23,161.1
2025-10-24,161.0
2025-10-27,161.4
2025-10-28,162.3
2025-10-29,162.7
2025-10-30,163.5
2025-10-31,164.1
2025-11-03,164.5
2025-11-04,164.3
2025-11-05,164.3
2025-11-06,164.3
2025-11-07,164.1
2025-11-10,164.0
2025-11-11,164.1
2025-11-12,164.4
2025-11-13,164.7
2025-11-14,165.2
2025-11-17,165.4
2025-11-18,165.4
2025-11-19,165.6
2025-11-20,165.7
2025-11-21,165.5
2025-11-24,165.1
2025-11-25,164.8
2025-11-26,164.2
2025-11-27,163.6
2025-11-28,163.3
2025-12-01,163.5
2025-12-02,163.9
2025-12-03,164.6
2025-12-04,165.2
2025-12-05,165.1
2025-12-08,164.9
2025-12-09,164.6
2025-12-10,163.9
2025-12-11,163.2
2025-12-12,162.5
2025-12-15,162.0
2025-12-16,161.9
2025-12-17,161.4
2025-12-18,160.7
2025-12-19,159.6
2025-12-22,158.6
2025-12-23,157.7
2025-12-24,156.6
2025-12-25,156.0
2025-12-26,155.9
2025-12-29,155.9
2025-12-30,155.6
2025-12-31,154.9
2026-01-01,154.5
2026-01-02,154.4
2026-01-05,154.3
2026-01-06,154.0
2026-01-07,153.7
2026-01-08,153.3
2026-01-09,152.8
2026-01-12,152.4
2026-01-13,152.3
2026-01-14,152.5
2026-01-15,152.5
2026-01-16,153.1
2026-01-19,153.6
2026-01-20,153.6
2026-01-21,153.8
2026-01-22,153.7
2026-01-23,153.6
2026-01-26,153.5
2026-01-27,153.5
2026-01-28,153.4
2026-01-29,153.0
2026-01-30,152.6
2026-02-02,153.4
2026-02-03,153.2
2026-02-04,152.5
2026-02-05,152.2
2026-02-06,152.0
2026-02-09,152.0
2026-02-10,152.1
2026-02-11,152.4
2026-02-12,152.9
2026-02-13,153.5
2026-02-16,153.6
2026-02-17,153.3
2026-02-18,152.6
2026-02-19,152.1
2026-02-20,151.5
2026-02-23,151.7
2026-02-24,152.8
2026-02-25,154.5
2026-02-26,155.3
2026-02-27,155.8
2026-03-02,156.7
2026-03-03,157.3
2026-03-04,159.9
2026-03-05,162.5
2026-03-06,169.0
2026-03-09,175.5
2026-03-10,188.1
2026-03-11,193.7
2026-03-12,204.7
2026-03-13,210.0
2026-03-16,218.4
2026-03-17,223.9
2026-03-18,229.5
2026-03-19,234.1
2026-03-20,236.7
2026-03-23,242.0
2026-03-24,243.5
2026-03-25,247.7
2026-03-26,249.0
2026-03-27,246.4
