date,brisbane_tgp
2004-01-01,86.4
2004-01-02,86.4
2004-01-05,86.4
2004-01-06,87.0
2004-01-07,87.0
2004-01-08,87.0
2004-01-09,88.3
2004-01-12,88.3
2004-01-13,89.3
2004-01-14,89.3
2004-01-15,89.3
2004-01-16,90.7
2004-01-19,90.7
2004-01-20,90.5
2004-01-21,90.5
2004-01-22,90.5
2004-01-23,89.0
2004-01-26,89.0
2004-01-27,89.0
2004-01-28,87.9
2004-01-29,87.9
2004-01-30,86.6
2004-02-02,86.6
2004-02-03,86.2
2004-02-04,86.2
2004-02-05,86.2
2004-02-06,85.4
2004-02-09,85.4
2004-02-10,84.9
2004-02-11,84.9
2004-02-12,84.9
2004-02-13,83.4
2004-02-16,83.4
2004-02-17,82.7
2004-02-18,82.7
2004-02-19,82.7
2004-02-20,83.0
2004-02-23,83.0
2004-02-24,84.2
2004-02-25,84.2
2004-02-26,84.2
2004-02-27,86.3
2004-03-01,86.3
2004-03-02,87.7
2004-03-03,87.7
2004-03-04,87.7
2004-03-05,88.9
2004-03-08,88.9
2004-03-09,89.1
2004-03-10,89.8
2004-03-11,89.8
2004-03-12,90.1
2004-03-15,90.1
2004-03-16,90.4
2004-03-17,90.4
2004-03-18,90.4
2004-03-19,90.3
2004-03-22,90.7
2004-03-23,90.7
2004-03-24,90.7
2004-03-25,90.7
2004-03-26,90.1
2004-03-29,90.1
2004-03-30,90.0
2004-03-31,90.0
2004-04-01,90.0
2004-04-02,90.3
2004-04-05,90.3
2004-04-06,90.1
2004-04-07,90.1
2004-04-08,90.1
2004-04-09,89.6
2004-04-12,89.6
2004-04-13,89.6
2004-04-14,89.6
2004-04-15,89.4
2004-04-16,89.0
2004-04-19,89.0
2004-04-20,89.4
2004-04-21,89.4
2004-04-22,89.4
2004-04-23,89.8
2004-04-26,89.8
2004-04-27,89.8
2004-04-28,90.4
2004-04-29,90.4
2004-04-30,90.7
2004-05-03,90.7
2004-05-04,91.7
2004-05-05,91.7
2004-05-06,91.7
2004-05-07,93.7
2004-05-10,93.7
2004-05-11,95.5
2004-05-12,95.5
2004-05-13,95.5
2004-05-14,96.7
2004-05-17,96.7
2004-05-18,97.4
2004-05-19,97.4
2004-05-20,97.4
2004-05-21,98.6
2004-05-24,98.6
2004-05-25,99.9
2004-05-26,99.9
2004-05-27,99.9
2004-05-28,100.0
2004-05-31,100.0
2004-06-01,99.4
2004-06-02,99.1
2004-06-03,99.1
2004-06-04,98.7
2004-06-07,98.7
2004-06-08,98.5
2004-06-09,98.5
2004-06-10,98.5
2004-06-11,97.5
2004-06-14,97.5
2004-06-15,97.5
2004-06-16,95.2
2004-06-17,95.2
2004-06-18,93.8
2004-06-21,93.8
2004-06-22,94.0
2004-06-23,94.0
2004-06-24,94.0
2004-06-25,94.2
2004-06-28,94.2
2004-06-29,94.2
2004-06-30,94.2
2004-07-01,94.2
2004-07-02,92.6
2004-07-05,92.6
2004-07-06,91.5
2004-07-07,91.5
2004-07-08,91.5
2004-07-09,91.8
2004-07-12,91.8
2004-07-13,93.2
2004-07-14,93.2
2004-07-15,93.2
2004-07-16,93.9
2004-07-19,94.3
2004-07-20,94.2
2004-07-21,94.2
2004-07-22,94.2
2004-07-23,93.9
2004-07-26,93.9
2004-07-27,94.3
2004-07-28,94.3
2004-07-29,94.3
2004-07-30,95.2
2004-08-02,95.2
2004-08-03,96.3
2004-08-04,96.3
2004-08-05,96.3
2004-08-06,98.1
2004-08-09,98.1
2004-08-10,99.0
2004-08-11,99.0
2004-08-12,99.0
2004-08-13,99.0
2004-08-16,99.0
2004-08-17,99.1
2004-08-18,99.1
2004-08-19,99.1
2004-08-20,99.4
2004-08-23,99.4
2004-08-24,100.3
2004-08-25,100.3
2004-08-26,100.3
2004-08-27,100.4
2004-08-30,100.4
2004-08-31,100.0
2004-09-01,100.0
2004-09-02,100.0
2004-09-03,98.3
2004-09-06,98.1
2004-09-07,97.7
2004-09-08,97.7
2004-09-09,97.7
2004-09-10,97.2
2004-09-13,97.2
2004-09-14,97.6
2004-09-15,97.6
2004-09-16,97.6
2004-09-17,97.2
2004-09-20,97.2
2004-09-21,97.0
2004-09-22,97.0
2004-09-23,97.0
2004-09-24,97.2
2004-09-27,97.2
2004-09-28,97.5
2004-09-29,97.5
2004-09-30,97.5
2004-10-01,98.7
2004-10-04,98.7
2004-10-05,99.1
2004-10-06,99.1
2004-10-07,99.1
2004-10-08,100.0
2004-10-11,100.0
2004-10-12,100.6
2004-10-13,100.6
2004-10-14,100.6
2004-10-15,102.1
2004-10-18,102.1
2004-10-19,102.7
2004-10-20,102.7
2004-10-21,102.7
2004-10-22,102.7
2004-10-25,102.7
2004-10-26,102.4
2004-10-27,102.4
2004-10-28,102.4
2004-10-29,101.9
2004-11-01,101.9
2004-11-02,101.9
2004-11-03,101.9
2004-11-04,101.9
2004-11-05,101.0
2004-11-08,101.0
2004-11-09,100.3
2004-11-10,100.3
2004-11-11,100.3
2004-11-12,99.2
2004-11-15,99.2
2004-11-16,98.6
2004-11-17,98.6
2004-11-18,98.6
2004-11-19,97.4
2004-11-22,97.4
2004-11-23,96.7
2004-11-24,96.7
2004-11-25,96.7
2004-11-26,96.5
2004-11-29,96.5
2004-11-30,96.7
2004-12-01,96.7
2004-12-02,96.7
2004-12-03,96.8
2004-12-06,96.4
2004-12-07,95.6
2004-12-08,95.6
2004-12-09,95.6
2004-12-10,92.6
2004-12-13,92.6
2004-12-14,90.7
2004-12-15,90.7
2004-12-16,90.7
2004-12-17,89.7
2004-12-20,89.7
2004-12-21,90.6
2004-12-22,90.6
2004-12-23,90.6
2004-12-24,91.1
2004-12-27,91.1
2004-12-28,91.1
2004-12-29,90.9
2004-12-30,90.9
2004-12-31,90.0
2005-01-03,90.0
2005-01-04,90.0
2005-01-05,90.1
2005-01-06,90.1
2005-01-07,89.7
2005-01-10,89.7
2005-01-11,90.0
2005-01-12,90.0
2005-01-13,90.0
2005-01-14,91.2
2005-01-17,91.2
2005-01-18,92.6
2005-01-19,92.6
2005-01-20,92.6
2005-01-21,94.5
2005-01-24,94.5
2005-01-25,95.2
2005-01-26,95.2
2005-01-27,95.2
2005-01-28,95.8
2005-01-31,95.8
2005-02-01,96.2
2005-02-02,96.2
2005-02-03,96.2
2005-02-04,96.4
2005-02-07,96.4
2005-02-08,96.1
2005-02-09,96.1
2005-02-10,96.1
2005-02-11,95.6
2005-02-14,95.6
2005-02-15,95.6
2005-02-16,95.6
2005-02-17,95.6
2005-02-18,96.7
2005-02-21,96.7
2005-02-22,97.7
2005-02-23,97.7
2005-02-24,97.7
2005-02-25,99.8
2005-02-28,99.8
2005-03-01,100.9
2005-03-02,100.9
2005-03-03,100.9
2005-03-04,101.7
2005-03-07,101.7
2005-03-08,101.9
2005-03-09,101.9
2005-03-10,101.9
2005-03-11,102.1
2005-03-14,102.1
2005-03-15,102.7
2005-03-16,102.9
2005-03-17,102.9
2005-03-18,102.7
2005-03-21,102.6
2005-03-22,102.6
2005-03-23,102.6
2005-03-24,102.6
2005-03-25,102.8
2005-03-28,102.8
2005-03-29,102.8
2005-03-30,102.8
2005-03-31,103.1
2005-04-01,104.0
2005-04-04,104.0
2005-04-05,104.7
2005-04-06,104.7
2005-04-07,104.7
2005-04-08,106.8
2005-04-11,106.8
2005-04-12,108.1
2005-04-13,108.1
2005-04-14,108.1
2005-04-15,107.7
2005-04-18,107.7
2005-04-19,106.7
2005-04-20,106.7
2005-04-21,106.7
2005-04-22,105.4
2005-04-25,105.4
2005-04-26,105.4
2005-04-27,105.0
2005-04-28,105.0
2005-04-29,104.7
2005-05-02,104.7
2005-05-03,103.8
2005-05-04,103.8
2005-05-05,103.8
2005-05-06,101.8
2005-05-09,101.8
2005-05-10,100.6
2005-05-11,100.6
2005-05-12,100.6
2005-05-13,100.0
2005-05-16,100.0
2005-05-17,99.9
2005-05-18,99.9
2005-05-19,99.9
2005-05-20,99.4
2005-05-23,99.4
2005-05-24,98.6
2005-05-25,98.6
2005-05-26,98.6
2005-05-27,98.4
2005-05-30,98.4
2005-05-31,98.8
2005-06-01,98.8
2005-06-02,98.8
2005-06-03,99.9
2005-06-06,99.9
2005-06-07,101.0
2005-06-08,101.0
2005-06-09,101.0
2005-06-10,101.6
2005-06-13,101.6
2005-06-14,101.6
2005-06-15,102.0
2005-06-16,102.0
2005-06-17,102.4
2005-06-20,102.4
2005-06-21,102.9
2005-06-22,102.9
2005-06-23,102.9
2005-06-24,104.2
2005-06-27,104.2
2005-06-28,104.3
2005-06-29,104.3
2005-06-30,104.3
2005-07-01,105.5
2005-07-04,105.5
2005-07-05,105.7
2005-07-06,105.7
2005-07-07,105.7
2005-07-08,107.4
2005-07-11,107.4
2005-07-12,109.1
2005-07-13,109.1
2005-07-14,109.1
2005-07-15,110.5
2005-07-18,110.5
2005-07-19,110.5
2005-07-20,110.5
2005-07-21,110.5
2005-07-22,109.9
2005-07-25,109.9
2005-07-26,109.9
2005-07-27,109.9
2005-07-28,109.9
2005-07-29,110.3
2005-08-01,110.3
2005-08-02,110.9
2005-08-03,110.9
2005-08-04,110.9
2005-08-05,112.0
2005-08-08,112.0
2005-08-09,112.5
2005-08-10,112.5
2005-08-11,112.5
2005-08-12,114.2
2005-08-15,114.2
2005-08-16,115.4
2005-08-17,115.4
2005-08-18,115.4
2005-08-19,116.6
2005-08-22,116.6
2005-08-23,116.5
2005-08-24,116.5
2005-08-25,116.5
2005-08-26,117.3
2005-08-29,117.3
2005-08-30,118.7
2005-08-31,118.7
2005-09-01,118.7
2005-09-02,123.1
2005-09-05,123.1
2005-09-06,127.3
2005-09-07,127.3
2005-09-08,128.1
2005-09-09,130.2
2005-09-12,130.2
2005-09-13,129.2
2005-09-14,129.2
2005-09-15,129.2
2005-09-16,125.2
2005-09-19,125.2
2005-09-20,123.3
2005-09-21,123.3
2005-09-22,123.3
2005-09-23,122.2
2005-09-26,122.2
2005-09-27,122.2
2005-09-28,122.2
2005-09-29,122.2
2005-09-30,122.0
2005-10-03,122.0
2005-10-04,121.9
2005-10-05,121.9
2005-10-06,121.9
2005-10-07,121.2
2005-10-10,121.2
2005-10-11,120.3
2005-10-12,120.3
2005-10-13,120.3
2005-10-14,118.8
2005-10-17,118.8
2005-10-18,118.9
2005-10-19,118.9
2005-10-20,118.9
2005-10-21,119.2
2005-10-24,119.2
2005-10-25,118.4
2005-10-26,118.2
2005-10-27,118.2
2005-10-28,115.0
2005-10-31,115.0
2005-11-01,113.5
2005-11-02,113.5
2005-11-03,113.5
2005-11-04,112.6
2005-11-07,112.4
2005-11-08,112.4
2005-11-09,112.8
2005-11-10,112.8
2005-11-11,112.9
2005-11-14,112.9
2005-11-15,112.7
2005-11-16,112.8
2005-11-17,112.6
2005-11-18,111.4
2005-11-21,111.4
2005-11-22,110.6
2005-11-23,110.6
2005-11-24,110.6
2005-11-25,110.0
2005-11-28,109.7
2005-11-29,109.5
2005-11-30,109.5
2005-12-01,109.2
2005-12-02,107.6
2005-12-05,107.6
2005-12-06,106.7
2005-12-07,106.7
2005-12-08,106.8
2005-12-09,107.1
2005-12-12,107.1
2005-12-13,108.0
2005-12-14,108.2
2005-12-15,108.4
2005-12-16,109.6
2005-12-19,109.7
2005-12-20,110.4
2005-12-21,110.4
2005-12-22,110.4
2005-12-23,110.7
2005-12-26,110.7
2005-12-27,110.7
2005-12-28,110.7
2005-12-29,110.5
2005-12-30,110.2
2006-01-02,111.1
2006-01-03,111.1
2006-01-04,113.0
2006-01-05,113.2
2006-01-06,115.0
2006-01-09,114.8
2006-01-10,116.1
2006-01-11,116.1
2006-01-12,115.8
2006-01-13,116.5
2006-01-16,116.1
2006-01-17,115.5
2006-01-18,115.6
2006-01-19,115.6
2006-01-20,115.8
2006-01-23,115.9
2006-01-24,116.7
2006-01-25,116.5
2006-01-26,116.5
2006-01-27,117.2
2006-01-30,117.2
2006-01-31,117.6
2006-02-01,117.6
2006-02-02,117.6
2006-02-03,116.8
2006-02-06,116.6
2006-02-07,115.9
2006-02-08,115.9
2006-02-09,115.3
2006-02-10,114.9
2006-02-13,114.9
2006-02-14,114.6
2006-02-15,114.4
2006-02-16,114.4
2006-02-17,113.8
2006-02-20,113.8
2006-02-21,114.4
2006-02-22,114.7
2006-02-23,114.9
2006-02-24,115.7
2006-02-27,115.7
2006-02-28,116.4
2006-03-01,116.5
2006-03-02,116.2
2006-03-03,116.5
2006-03-06,116.8
2006-03-07,117.4
2006-03-08,117.4
2006-03-09,117.2
2006-03-10,117.6
2006-03-13,117.4
2006-03-14,117.7
2006-03-15,118.1
2006-03-16,118.3
2006-03-17,118.6
2006-03-20,118.3
2006-03-21,118.9
2006-03-22,118.9
2006-03-23,118.3
2006-03-24,119.0
2006-03-27,119.0
2006-03-28,119.2
2006-03-29,119.6
2006-03-30,119.8
2006-03-31,121.8
2006-04-03,121.9
2006-04-04,123.1
2006-04-05,123.4
2006-04-06,123.4
2006-04-07,124.1
2006-04-10,124.4
2006-04-11,124.6
2006-04-12,124.9
2006-04-13,125.3
2006-04-14,126.4
2006-04-17,126.4
2006-04-18,126.4
2006-04-19,127.0
2006-04-20,128.9
2006-04-21,130.7
2006-04-24,130.7
2006-04-25,131.3
2006-04-26,131.9
2006-04-27,132.0
2006-04-28,132.7
2006-05-01,132.7
2006-05-02,132.9
2006-05-03,132.9
2006-05-04,134.0
2006-05-05,134.9
2006-05-08,134.1
2006-05-09,132.6
2006-05-10,132.6
2006-05-11,133.3
2006-05-12,133.1
2006-05-15,133.1
2006-05-16,132.8
2006-05-17,133.0
2006-05-18,132.6
2006-05-19,132.9
2006-05-22,132.7
2006-05-23,133.8
2006-05-24,133.5
2006-05-25,134.2
2006-05-26,133.6
2006-05-29,133.7
2006-05-30,133.8
2006-05-31,133.8
2006-06-01,133.4
2006-06-02,133.4
2006-06-05,133.4
2006-06-06,132.8
2006-06-07,133.2
2006-06-08,133.2
2006-06-09,133.1
2006-06-12,132.3
2006-06-13,132.3
2006-06-14,132.1
2006-06-15,132.0
2006-06-16,131.4
2006-06-19,131.2
2006-06-20,130.7
2006-06-21,130.7
2006-06-22,130.2
2006-06-23,128.7
2006-06-26,129.2
2006-06-27,129.1
2006-06-28,129.1
2006-06-29,129.6
2006-06-30,130.4
2006-07-03,131.0
2006-07-04,132.8
2006-07-05,132.8
2006-07-06,132.5
2006-07-07,133.3
2006-07-10,133.6
2006-07-11,133.6
2006-07-12,133.2
2006-07-13,132.9
2006-07-14,131.7
2006-07-17,132.3
2006-07-18,133.0
2006-07-19,133.1
2006-07-20,132.4
2006-07-21,133.3
2006-07-24,133.3
2006-07-25,133.1
2006-07-26,133.1
2006-07-27,133.5
2006-07-28,132.2
2006-07-31,132.2
2006-08-01,132.3
2006-08-02,131.7
2006-08-03,132.1
2006-08-04,132.8
2006-08-07,132.9
2006-08-08,133.5
2006-08-09,133.7
2006-08-10,133.7
2006-08-11,135.0
2006-08-14,133.9
2006-08-15,132.3
2006-08-16,132.3
2006-08-17,132.0
2006-08-18,129.2
2006-08-21,129.1
2006-08-22,128.1
2006-08-23,127.9
2006-08-24,127.9
2006-08-25,126.8
2006-08-28,126.6
2006-08-29,126.2
2006-08-30,125.6
2006-08-31,125.6
2006-09-01,124.1
2006-09-04,123.8
2006-09-05,122.2
2006-09-06,121.4
2006-09-07,121.1
2006-09-08,118.5
2006-09-11,118.3
2006-09-12,117.0
2006-09-13,117.0
2006-09-14,117.0
2006-09-15,115.3
2006-09-18,115.4
2006-09-19,115.0
2006-09-20,114.8
2006-09-21,115.0
2006-09-22,114.2
2006-09-25,114.0
2006-09-26,113.5
2006-09-27,113.5
2006-09-28,113.7
2006-09-29,113.1
2006-10-02,113.7
2006-10-03,114.2
2006-10-04,113.7
2006-10-05,113.2
2006-10-06,113.1
2006-10-09,113.1
2006-10-10,112.9
2006-10-11,113.0
2006-10-12,112.5
2006-10-13,112.0
2006-10-16,111.7
2006-10-17,111.4
2006-10-18,111.8
2006-10-19,111.5
2006-10-20,110.6
2006-10-23,110.5
2006-10-24,109.5
2006-10-25,109.5
2006-10-26,109.5
2006-10-27,109.5
2006-10-30,109.5
2006-10-31,109.0
2006-11-01,108.2
2006-11-02,108.2
2006-11-03,107.6
2006-11-06,107.7
2006-11-07,107.1
2006-11-08,107.1
2006-11-09,107.5
2006-11-10,106.9
2006-11-13,107.7
2006-11-14,108.9
2006-11-15,108.6
2006-11-16,108.6
2006-11-17,109.4
2006-11-20,109.6
2006-11-21,109.2
2006-11-22,109.2
2006-11-23,109.5
2006-11-24,109.7
2006-11-27,109.4
2006-11-28,109.7
2006-11-29,109.7
2006-11-30,110.1
2006-12-01,110.6
2006-12-04,111.0
2006-12-05,111.7
2006-12-06,111.7
2006-12-07,111.5
2006-12-08,112.3
2006-12-11,112.3
2006-12-12,112.3
2006-12-13,112.3
2006-12-14,112.4
2006-12-15,112.4
2006-12-18,112.5
2006-12-19,113.6
2006-12-20,113.6
2006-12-21,113.6
2006-12-22,114.8
2006-12-25,114.9
2006-12-26,114.9
2006-12-27,114.9
2006-12-28,115.5
2006-12-29,116.1
2007-01-01,116.1
2007-01-02,116.1
2007-01-03,115.8
2007-01-04,115.0
2007-01-05,114.3
2007-01-08,113.8
2007-01-09,111.5
2007-01-10,112.2
2007-01-11,112.0
2007-01-12,110.7
2007-01-15,110.2
2007-01-16,109.1
2007-01-17,109.1
2007-01-18,109.1
2007-01-19,107.2
2007-01-22,107.2
2007-01-23,105.9
2007-01-24,106.5
2007-01-25,106.5
2007-01-26,106.8
2007-01-29,106.8
2007-01-30,107.4
2007-01-31,107.8
2007-02-01,107.4
2007-02-02,109.5
2007-02-05,109.6
2007-02-06,110.8
2007-02-07,110.8
2007-02-08,110.8
2007-02-09,111.6
2007-02-12,111.3
2007-02-13,111.5
2007-02-14,111.5
2007-02-15,111.4
2007-02-16,110.9
2007-02-19,111.0
2007-02-20,111.2
2007-02-21,111.2
2007-02-22,111.2
2007-02-23,111.9
2007-02-26,111.9
2007-02-27,113.9
2007-02-28,113.9
2007-03-01,113.3
2007-03-02,114.7
2007-03-05,115.0
2007-03-06,116.5
2007-03-07,116.7
2007-03-08,118.1
2007-03-09,119.8
2007-03-12,119.9
2007-03-13,120.6
2007-03-14,121.1
2007-03-15,121.3
2007-03-16,121.5
2007-03-19,121.5
2007-03-20,121.0
2007-03-21,120.7
2007-03-22,120.5
2007-03-23,119.4
2007-03-26,118.9
2007-03-27,118.5
2007-03-28,118.5
2007-03-29,118.6
2007-03-30,119.1
2007-04-02,119.2
2007-04-03,120.1
2007-04-04,120.6
2007-04-05,120.9
2007-04-06,121.5
2007-04-09,121.5
2007-04-10,121.5
2007-04-11,121.8
2007-04-12,122.2
2007-04-13,122.3
2007-04-16,122.2
2007-04-17,122.4
2007-04-18,122.5
2007-04-19,122.5
2007-04-20,122.1
2007-04-23,122.0
2007-04-24,121.8
2007-04-25,121.8
2007-04-26,121.8
2007-04-27,122.3
2007-04-30,122.5
2007-05-01,123.5
2007-05-02,123.9
2007-05-03,124.1
2007-05-04,125.2
2007-05-07,125.5
2007-05-08,125.8
2007-05-09,126.0
2007-05-10,126.0
2007-05-11,125.9
2007-05-14,125.9
2007-05-15,126.3
2007-05-16,126.3
2007-05-17,126.5
2007-05-18,127.3
2007-05-21,127.5
2007-05-22,128.8
2007-05-23,128.8
2007-05-24,129.1
2007-05-25,129.7
2007-05-28,129.9
2007-05-29,129.9
2007-05-30,129.9
2007-05-31,129.8
2007-06-01,129.1
2007-06-04,128.4
2007-06-05,127.3
2007-06-06,126.9
2007-06-07,126.6
2007-06-08,125.4
2007-06-11,124.9
2007-06-12,124.8
2007-06-13,123.8
2007-06-14,123.6
2007-06-15,122.8
2007-06-18,122.7
2007-06-19,122.3
2007-06-20,122.3
2007-06-21,122.2
2007-06-22,121.9
2007-06-25,121.8
2007-06-26,121.7
2007-06-27,121.7
2007-06-28,121.7
2007-06-29,122.2
2007-07-02,122.4
2007-07-03,122.8
2007-07-04,123.1
2007-07-05,123.4
2007-07-06,124.0
2007-07-09,124.0
2007-07-10,124.1
2007-07-11,124.2
2007-07-12,124.2
2007-07-13,124.2
2007-07-16,124.0
2007-07-17,123.6
2007-07-18,123.4
2007-07-19,123.2
2007-07-20,121.6
2007-07-23,121.3
2007-07-24,120.6
2007-07-25,120.3
2007-07-26,120.1
2007-07-27,118.6
2007-07-30,118.6
2007-07-31,118.3
2007-08-01,118.3
2007-08-02,118.2
2007-08-03,118.6
2007-08-06,118.6
2007-08-07,118.5
2007-08-08,118.4
2007-08-09,118.2
2007-08-10,117.5
2007-08-13,116.4
2007-08-14,115.8
2007-08-15,115.8
2007-08-16,115.5
2007-08-17,115.5
2007-08-20,116.3
2007-08-21,117.1
2007-08-22,117.4
2007-08-23,117.5
2007-08-24,118.1
2007-08-27,118.2
2007-08-28,117.8
2007-08-29,117.8
2007-08-30,117.7
2007-08-31,117.8
2007-09-03,117.8
2007-09-04,118.8
2007-09-05,119.1
2007-09-06,119.3
2007-09-07,120.0
2007-09-10,120.2
2007-09-11,120.4
2007-09-12,120.4
2007-09-13,120.4
2007-09-14,120.3
2007-09-17,120.3
2007-09-18,120.4
2007-09-19,120.4
2007-09-20,120.6
2007-09-21,121.1
2007-09-24,121.3
2007-09-25,121.5
2007-09-26,121.6
2007-09-27,121.5
2007-09-28,121.3
2007-10-01,121.1
2007-10-02,120.2
2007-10-03,120.0
2007-10-04,119.7
2007-10-05,118.0
2007-10-08,117.9
2007-10-09,117.6
2007-10-10,117.4
2007-10-11,117.3
2007-10-12,117.3
2007-10-15,117.6
2007-10-16,118.3
2007-10-17,118.6
2007-10-18,118.9
2007-10-19,120.4
2007-10-22,120.7
2007-10-23,121.7
2007-10-24,121.9
2007-10-25,121.9
2007-10-26,122.2
2007-10-29,122.2
2007-10-30,122.7
2007-10-31,122.8
2007-11-01,122.9
2007-11-02,123.1
2007-11-05,123.4
2007-11-06,124.0
2007-11-07,124.1
2007-11-08,124.4
2007-11-09,125.3
2007-11-12,125.4
2007-11-13,126.1
2007-11-14,126.7
2007-11-15,126.8
2007-11-16,127.5
2007-11-19,127.8
2007-11-20,128.2
2007-11-21,128.3
2007-11-22,128.8
2007-11-23,129.9
2007-11-26,130.1
2007-11-27,131.5
2007-11-28,131.9
2007-11-29,132.3
2007-11-30,133.1
2007-12-03,133.1
2007-12-04,132.7
2007-12-05,132.3
2007-12-06,132.1
2007-12-07,130.9
2007-12-10,130.1
2007-12-11,129.7
2007-12-12,129.6
2007-12-13,129.6
2007-12-14,129.7
2007-12-17,129.9
2007-12-18,130.6
2007-12-19,130.9
2007-12-20,131.1
2007-12-21,132.3
2007-12-24,132.4
2007-12-25,132.8
2007-12-26,132.8
2007-12-27,132.8
2007-12-28,133.0
2007-12-31,133.0
2008-01-01,133.7
2008-01-02,133.7
2008-01-03,133.8
2008-01-04,134.5
2008-01-07,134.7
2008-01-08,135.5
2008-01-09,135.9
2008-01-10,135.9
2008-01-11,135.7
2008-01-14,135.7
2008-01-15,134.8
2008-01-16,134.2
2008-01-17,134.0
2008-01-18,131.5
2008-01-21,131.3
2008-01-22,130.4
2008-01-23,129.8
2008-01-24,129.7
2008-01-25,129.4
2008-01-28,129.3
2008-01-29,129.3
2008-01-30,129.7
2008-01-31,129.8
2008-02-01,130.6
2008-02-04,130.6
2008-02-05,130.7
2008-02-06,130.4
2008-02-07,130.4
2008-02-08,129.3
2008-02-11,129.2
2008-02-12,128.7
2008-02-13,128.7
2008-02-14,128.8
2008-02-15,129.5
2008-02-18,129.8
2008-02-19,130.5
2008-02-20,130.8
2008-02-21,131.0
2008-02-22,132.4
2008-02-25,132.6
2008-02-26,133.4
2008-02-27,133.6
2008-02-28,133.8
2008-02-29,134.3
2008-03-03,134.3
2008-03-04,134.2
2008-03-05,134.1
2008-03-06,134.1
2008-03-07,133.5
2008-03-10,133.5
2008-03-11,133.3
2008-03-12,133.5
2008-03-13,133.6
2008-03-14,134.5
2008-03-17,134.8
2008-03-18,135.6
2008-03-19,135.7
2008-03-20,135.5
2008-03-21,135.1
2008-03-24,135.1
2008-03-25,135.1
2008-03-26,134.2
2008-03-27,133.3
2008-03-28,133.2
2008-03-31,133.3
2008-04-01,134.8
2008-04-02,135.2
2008-04-03,135.4
2008-04-04,136.5
2008-04-07,136.8
2008-04-08,137.1
2008-04-09,137.1
2008-04-10,137.4
2008-04-11,138.4
2008-04-14,138.7
2008-04-15,139.4
2008-04-16,139.4
2008-04-17,139.6
2008-04-18,139.9
2008-04-21,139.9
2008-04-22,140.3
2008-04-23,140.4
2008-04-24,140.6
2008-04-25,141.2
2008-04-28,141.2
2008-04-29,141.3
2008-04-30,141.4
2008-05-01,141.6
2008-05-02,141.8
2008-05-05,141.7
2008-05-06,141.0
2008-05-07,140.8
2008-05-08,141.0
2008-05-09,141.2
2008-05-12,141.3
2008-05-13,143.1
2008-05-14,143.8
2008-05-15,144.4
2008-05-16,146.7
2008-05-19,147.1
2008-05-20,147.9
2008-05-21,147.9
2008-05-22,148.0
2008-05-23,148.6
2008-05-26,148.9
2008-05-27,150.2
2008-05-28,150.5
2008-05-29,150.6
2008-05-30,151.4
2008-06-02,151.5
2008-06-03,151.6
2008-06-04,151.5
2008-06-05,151.5
2008-06-06,151.7
2008-06-09,151.6
2008-06-10,152.0
2008-06-11,152.8
2008-06-12,153.1
2008-06-13,154.3
2008-06-16,154.5
2008-06-17,156.4
2008-06-18,156.8
2008-06-19,157.0
2008-06-20,157.0
2008-06-23,157.0
2008-06-24,156.5
2008-06-25,156.5
2008-06-26,156.2
2008-06-27,156.0
2008-06-30,155.9
2008-07-01,156.1
2008-07-02,156.4
2008-07-03,156.6
2008-07-04,157.5
2008-07-07,157.7
2008-07-08,158.7
2008-07-09,159.0
2008-07-10,158.8
2008-07-11,158.4
2008-07-14,158.2
2008-07-15,157.5
2008-07-16,157.2
2008-07-17,157.0
2008-07-18,155.4
2008-07-21,154.9
2008-07-22,152.3
2008-07-23,151.9
2008-07-24,151.4
2008-07-25,147.1
2008-07-28,146.6
2008-07-29,144.8
2008-07-30,144.0
2008-07-31,143.9
2008-08-01,142.9
2008-08-04,142.6
2008-08-05,142.9
2008-08-06,143.0
2008-08-07,142.9
2008-08-08,143.2
2008-08-11,143.1
2008-08-12,143.2
2008-08-13,143.2
2008-08-14,143.1
2008-08-15,143.0
2008-08-18,143.2
2008-08-19,143.9
2008-08-20,144.0
2008-08-21,144.0
2008-08-22,144.1
2008-08-25,144.4
2008-08-26,144.7
2008-08-27,144.7
2008-08-28,144.9
2008-08-29,145.8
2008-09-01,146.3
2008-09-02,147.4
2008-09-03,147.5
2008-09-04,147.3
2008-09-05,147.4
2008-09-08,147.4
2008-09-09,146.9
2008-09-10,146.7
2008-09-11,146.6
2008-09-12,146.3
2008-09-15,146.7
2008-09-16,147.3
2008-09-17,147.2
2008-09-18,146.9
2008-09-19,145.2
2008-09-22,145.0
2008-09-23,144.4
2008-09-24,143.7
2008-09-25,143.6
2008-09-26,144.3
2008-09-29,144.6
2008-09-30,145.2
2008-10-01,145.3
2008-10-02,145.2
2008-10-03,144.8
2008-10-06,144.5
2008-10-07,143.4
2008-10-08,143.2
2008-10-09,143.1
2008-10-10,142.9
2008-10-13,143.4
2008-10-14,144.8
2008-10-15,144.9
2008-10-16,144.9
2008-10-17,145.4
2008-10-20,145.0
2008-10-21,141.6
2008-10-22,140.7
2008-10-23,139.8
2008-10-24,133.7
2008-10-27,132.8
2008-10-28,129.5
2008-10-29,129.0
2008-10-30,128.6
2008-10-31,126.9
2008-11-03,125.9
2008-11-04,124.5
2008-11-05,124.3
2008-11-06,123.8
2008-11-07,120.7
2008-11-10,118.9
2008-11-11,115.8
2008-11-12,115.1
2008-11-13,114.8
2008-11-14,112.3
2008-11-17,111.2
2008-11-18,109.6
2008-11-19,109.2
2008-11-20,108.7
2008-11-21,106.2
2008-11-24,104.8
2008-11-25,102.4
2008-11-26,102.0
2008-11-27,101.7
2008-11-28,100.0
2008-12-01,99.4
2008-12-02,99.8
2008-12-03,99.9
2008-12-04,99.8
2008-12-05,99.6
2008-12-08,98.8
2008-12-09,97.7
2008-12-10,96.9
2008-12-11,96.3
2008-12-12,94.1
2008-12-15,93.4
2008-12-16,94.3
2008-12-17,94.9
2008-12-18,95.5
2008-12-19,98.0
2008-12-22,98.5
2008-12-23,99.6
2008-12-24,100.0
2008-12-25,99.6
2008-12-26,99.6
2008-12-29,98.9
2008-12-30,96.8
2008-12-31,96.6
2009-01-01,95.8
2009-01-02,95.6
2009-01-05,94.5
2009-01-06,95.2
2009-01-07,95.3
2009-01-08,96.0
2009-01-09,98.7
2009-01-12,98.9
2009-01-13,99.6
2009-01-14,99.9
2009-01-15,100.2
2009-01-16,101.6
2009-01-19,102.1
2009-01-20,104.3
2009-01-21,105.0
2009-01-22,105.8
2009-01-23,109.2
2009-01-26,109.7
2009-01-27,110.0
2009-01-28,112.0
2009-01-29,112.1
2009-01-30,112.8
2009-02-02,113.0
2009-02-03,113.6
2009-02-04,113.9
2009-02-05,114.0
2009-02-06,115.0
2009-02-09,115.3
2009-02-10,115.9
2009-02-11,116.1
2009-02-12,115.9
2009-02-13,115.7
2009-02-16,116.1
2009-02-17,117.3
2009-02-18,117.6
2009-02-19,117.7
2009-02-20,118.5
2009-02-23,118.4
2009-02-24,116.8
2009-02-25,116.5
2009-02-26,116.1
2009-02-27,112.8
2009-03-02,112.5
2009-03-03,111.7
2009-03-04,111.6
2009-03-05,111.3
2009-03-06,110.5
2009-03-09,110.2
2009-03-10,110.1
2009-03-11,109.5
2009-03-12,109.1
2009-03-13,107.6
2009-03-16,107.5
2009-03-17,106.9
2009-03-18,106.5
2009-03-19,106.7
2009-03-20,107.3
2009-03-23,107.5
2009-03-24,108.9
2009-03-25,109.6
2009-03-26,109.6
2009-03-27,111.0
2009-03-30,111.1
2009-03-31,111.4
2009-04-01,111.4
2009-04-02,111.4
2009-04-03,111.0
2009-04-06,110.9
2009-04-07,110.3
2009-04-08,110.3
2009-04-09,110.4
2009-04-10,110.7
2009-04-13,110.7
2009-04-14,110.7
2009-04-15,112.0
2009-04-16,112.5
2009-04-17,112.6
2009-04-20,112.7
2009-04-21,113.0
2009-04-22,112.9
2009-04-23,112.9
2009-04-24,112.5
2009-04-27,112.2
2009-04-28,111.6
2009-04-29,111.0
2009-04-30,110.6
2009-05-01,108.0
2009-05-04,107.3
2009-05-05,106.6
2009-05-06,106.6
2009-05-07,106.8
2009-05-08,108.3
2009-05-11,108.6
2009-05-12,110.1
2009-05-13,110.5
2009-05-14,110.8
2009-05-15,111.6
2009-05-18,111.8
2009-05-19,112.5
2009-05-20,112.7
2009-05-21,112.8
2009-05-22,114.2
2009-05-25,114.3
2009-05-26,114.8
2009-05-27,114.8
2009-05-28,114.7
2009-05-29,114.4
2009-06-01,114.6
2009-06-02,115.1
2009-06-03,115.3
2009-06-04,115.4
2009-06-05,116.1
2009-06-08,116.3
2009-06-09,116.7
2009-06-10,117.3
2009-06-11,117.3
2009-06-12,117.8
2009-06-15,118.1
2009-06-16,118.5
2009-06-17,118.5
2009-06-18,118.6
2009-06-19,119.0
2009-06-22,119.1
2009-06-23,119.4
2009-06-24,119.3
2009-06-25,119.2
2009-06-26,118.3
2009-06-29,118.1
2009-06-30,117.7
2009-07-01,117.5
2009-07-02,117.4
2009-07-03,117.6
2009-07-06,117.5
2009-07-07,117.1
2009-07-08,116.9
2009-07-09,116.6
2009-07-10,114.7
2009-07-13,113.9
2009-07-14,112.8
2009-07-15,112.6
2009-07-16,112.4
2009-07-17,111.5
2009-07-20,111.4
2009-07-21,111.5
2009-07-22,111.7
2009-07-23,111.9
2009-07-24,112.8
2009-07-27,113.6
2009-07-28,114.4
2009-07-29,114.8
2009-07-30,115.0
2009-07-31,115.7
2009-08-03,115.9
2009-08-04,116.5
2009-08-05,116.8
2009-08-06,117.0
2009-08-07,118.1
2009-08-10,118.4
2009-08-11,119.4
2009-08-12,119.6
2009-08-13,119.9
2009-08-14,120.5
2009-08-17,120.5
2009-08-18,120.6
2009-08-19,120.4
2009-08-20,120.3
2009-08-21,119.5
2009-08-24,118.9
2009-08-25,118.8
2009-08-26,118.7
2009-08-27,118.7
2009-08-28,119.3
2009-08-31,119.4
2009-09-01,119.3
2009-09-02,119.2
2009-09-03,119.1
2009-09-04,117.7
2009-09-07,117.6
2009-09-08,116.6
2009-09-09,116.3
2009-09-10,116.0
2009-09-11,114.6
2009-09-14,114.5
2009-09-15,114.0
2009-09-16,113.7
2009-09-17,113.6
2009-09-18,112.9
2009-09-21,113.0
2009-09-22,113.1
2009-09-23,113.2
2009-09-24,113.2
2009-09-25,113.6
2009-09-28,113.5
2009-09-29,111.9
2009-09-30,111.4
2009-10-01,111.1
2009-10-02,108.5
2009-10-05,108.4
2009-10-06,108.1
2009-10-07,108.0
2009-10-08,108.2
2009-10-09,108.7
2009-10-12,108.7
2009-10-13,108.3
2009-10-14,108.0
2009-10-15,107.9
2009-10-16,108.1
2009-10-19,108.4
2009-10-20,109.1
2009-10-21,109.6
2009-10-22,110.1
2009-10-23,110.8
2009-10-26,111.4
2009-10-27,112.1
2009-10-28,112.5
2009-10-29,112.7
2009-10-30,113.4
2009-11-02,113.5
2009-11-03,113.6
2009-11-04,113.6
2009-11-05,113.5
2009-11-06,113.3
2009-11-09,113.4
2009-11-10,113.5
2009-11-11,113.4
2009-11-12,113.2
2009-11-13,113.0
2009-11-16,112.9
2009-11-17,112.5
2009-11-18,112.4
2009-11-19,112.4
2009-11-20,112.6
2009-11-23,112.6
2009-11-24,112.8
2009-11-25,113.0
2009-11-26,113.1
2009-11-27,113.0
2009-11-30,112.8
2009-12-01,112.7
2009-12-02,112.6
2009-12-03,112.8
2009-12-04,113.2
2009-12-07,113.5
2009-12-08,113.8
2009-12-09,113.9
2009-12-10,113.9
2009-12-11,113.9
2009-12-14,113.6
2009-12-15,113.0
2009-12-16,112.6
2009-12-17,112.2
2009-12-18,111.7
2009-12-21,111.7
2009-12-22,112.2
2009-12-23,112.3
2009-12-24,112.8
2009-12-25,114.1
2009-12-28,114.1
2009-12-29,114.1
2009-12-30,116.2
2009-12-31,117.2
2010-01-01,117.6
2010-01-04,117.7
2010-01-05,118.0
2010-01-06,118.3
2010-01-07,118.4
2010-01-08,118.7
2010-01-11,118.8
2010-01-12,119.1
2010-01-13,119.2
2010-01-14,119.3
2010-01-15,119.3
2010-01-18,119.2
2010-01-19,118.8
2010-01-20,118.6
2010-01-21,118.4
2010-01-22,117.8
2010-01-25,117.8
2010-01-26,117.7
2010-01-27,117.7
2010-01-28,117.6
2010-01-29,117.6
2010-02-01,117.7
2010-02-02,117.8
2010-02-03,117.9
2010-02-04,118.3
2010-02-05,119.2
2010-02-08,119.6
2010-02-09,119.9
2010-02-10,119.8
2010-02-11,119.7
2010-02-12,118.9
2010-02-15,118.6
2010-02-16,118.1
2010-02-17,117.5
2010-02-18,117.3
2010-02-19,117.4
2010-02-22,117.3
2010-02-23,117.9
2010-02-24,118.3
2010-02-25,118.7
2010-02-26,119.2
2010-03-01,119.6
2010-03-02,119.9
2010-03-03,120.1
2010-03-04,120.1
2010-03-05,120.0
2010-03-08,120.1
2010-03-09,120.3
2010-03-10,120.9
2010-03-11,120.8
2010-03-12,121.4
2010-03-15,121.5
2010-03-16,121.4
2010-03-17,121.3
2010-03-18,121.0
2010-03-19,120.6
2010-03-22,120.5
2010-03-23,120.4
2010-03-24,120.3
2010-03-25,120.2
2010-03-26,119.9
2010-03-29,119.8
2010-03-30,119.6
2010-03-31,119.5
2010-04-01,119.5
2010-04-02,119.5
2010-04-05,119.6
2010-04-06,119.9
2010-04-07,120.7
2010-04-08,121.6
2010-04-09,122.0
2010-04-12,122.1
2010-04-13,122.2
2010-04-14,122.1
2010-04-15,121.9
2010-04-16,121.5
2010-04-19,121.4
2010-04-20,121.2
2010-04-21,121.1
2010-04-22,120.9
2010-04-23,120.7
2010-04-26,120.8
2010-04-27,120.8
2010-04-28,121.3
2010-04-29,121.5
2010-04-30,121.9
2010-05-03,122.0
2010-05-04,122.3
2010-05-05,122.4
2010-05-06,122.6
2010-05-07,122.8
2010-05-10,122.6
2010-05-11,122.0
2010-05-12,121.7
2010-05-13,121.1
2010-05-14,120.3
2010-05-17,119.8
2010-05-18,119.7
2010-05-19,119.5
2010-05-20,119.4
2010-05-21,119.0
2010-05-24,118.9
2010-05-25,118.7
2010-05-26,118.6
2010-05-27,118.5
2010-05-28,118.5
2010-05-31,118.4
2010-06-01,118.3
2010-06-02,118.2
2010-06-03,118.2
2010-06-04,118.5
2010-06-07,118.6
2010-06-08,119.3
2010-06-09,119.4
2010-06-10,119.7
2010-06-11,120.1
2010-06-14,120.2
2010-06-15,120.2
2010-06-16,120.4
2010-06-17,120.3
2010-06-18,120.1
2010-06-21,120.2
2010-06-22,120.3
2010-06-23,120.4
2010-06-24,120.3
2010-06-25,120.4
2010-06-28,120.1
2010-06-29,119.5
2010-06-30,119.3
2010-07-01,119.2
2010-07-02,118.7
2010-07-05,118.8
2010-07-06,118.7
2010-07-07,118.7
2010-07-08,118.6
2010-07-09,117.9
2010-07-12,117.8
2010-07-13,117.3
2010-07-14,117.2
2010-07-15,117.0
2010-07-16,117.0
2010-07-19,116.9
2010-07-20,116.9
2010-07-21,116.9
2010-07-22,117.0
2010-07-23,117.0
2010-07-26,117.0
2010-07-27,117.3
2010-07-28,117.3
2010-07-29,117.3
2010-07-30,117.0
2010-08-02,116.9
2010-08-03,116.7
2010-08-04,116.5
2010-08-05,116.6
2010-08-06,117.0
2010-08-09,117.1
2010-08-10,117.5
2010-08-11,117.6
2010-08-12,117.5
2010-08-13,117.3
2010-08-16,117.1
2010-08-17,116.5
2010-08-18,116.2
2010-08-19,116.0
2010-08-20,115.5
2010-08-23,115.3
2010-08-24,115.2
2010-08-25,115.0
2010-08-26,114.8
2010-08-27,114.4
2010-08-30,114.3
2010-08-31,114.1
2010-09-01,114.1
2010-09-02,114.2
2010-09-03,114.4
2010-09-06,114.5
2010-09-07,114.6
2010-09-08,114.5
2010-09-09,114.4
2010-09-10,114.2
2010-09-13,114.2
2010-09-14,114.0
2010-09-15,114.0
2010-09-16,114.0
2010-09-17,113.8
2010-09-20,113.7
2010-09-21,113.4
2010-09-22,113.2
2010-09-23,113.1
2010-09-24,112.6
2010-09-27,112.3
2010-09-28,111.9
2010-09-29,111.8
2010-09-30,111.5
2010-10-01,111.4
2010-10-04,111.5
2010-10-05,112.1
2010-10-06,112.4
2010-10-07,112.8
2010-10-08,113.9
2010-10-11,114.3
2010-10-12,114.7
2010-10-13,114.8
2010-10-14,114.9
2010-10-15,115.1
2010-10-18,115.1
2010-10-19,115.3
2010-10-20,115.1
2010-10-21,115.1
2010-10-22,114.9
2010-10-25,114.8
2010-10-26,114.5
2010-10-27,114.5
2010-10-28,114.5
2010-10-29,114.4
2010-11-01,114.5
2010-11-02,114.6
2010-11-03,114.6
2010-11-04,114.6
2010-11-05,114.7
2010-11-08,114.8
2010-11-09,114.8
2010-11-10,114.9
2010-11-11,115.0
2010-11-12,115.7
2010-11-15,116.0
2010-11-16,116.2
2010-11-17,116.4
2010-11-18,116.6
2010-11-19,116.9
2010-11-22,116.9
2010-11-23,116.9
2010-11-24,116.8
2010-11-25,116.7
2010-11-26,116.5
2010-11-29,116.6
2010-11-30,116.9
2010-12-01,117.3
2010-12-02,117.9
2010-12-03,119.3
2010-12-06,120.1
2010-12-07,121.3
2010-12-08,121.9
2010-12-09,122.3
2010-12-10,122.5
2010-12-13,123.1
2010-12-14,123.3
2010-12-15,123.3
2010-12-16,123.2
2010-12-17,122.7
2010-12-20,122.7
2010-12-21,122.7
2010-12-22,122.6
2010-12-23,122.7
2010-12-24,123.1
2010-12-27,123.2
2010-12-28,123.2
2010-12-29,123.3
2010-12-30,123.8
2010-12-31,123.8
2011-01-03,123.8
2011-01-04,123.7
2011-01-05,123.1
2011-01-06,123.0
2011-01-07,122.9
2011-01-10,123.0
2011-01-11,123.5
2011-01-12,123.9
2011-01-13,124.1
2011-01-14,124.8
2011-01-17,125.1
2011-01-18,125.6
2011-01-19,125.9
2011-01-20,126.2
2011-01-21,126.5
2011-01-24,126.6
2011-01-25,126.6
2011-01-26,126.6
2011-01-27,126.6
2011-01-28,125.9
2011-01-31,125.6
2011-02-01,125.3
2011-02-02,125.3
2011-02-03,125.4
2011-02-04,125.9
2011-02-07,126.2
2011-02-08,126.5
2011-02-09,126.5
2011-02-10,126.4
2011-02-11,125.9
2011-02-14,125.8
2011-02-15,125.8
2011-02-16,125.8
2011-02-17,126.0
2011-02-18,126.4
2011-02-21,126.6
2011-02-22,126.8
2011-02-23,127.1
2011-02-24,127.4
2011-02-25,128.3
2011-02-28,129.8
2011-03-01,130.5
2011-03-02,131.7
2011-03-03,132.1
2011-03-04,133.3
2011-03-07,133.3
2011-03-08,133.8
2011-03-09,134.1
2011-03-10,134.3
2011-03-11,134.6
2011-03-14,134.9
2011-03-15,135.0
2011-03-16,134.7
2011-03-17,134.5
2011-03-18,134.1
2011-03-21,134.0
2011-03-22,134.2
2011-03-23,134.4
2011-03-24,134.5
2011-03-25,134.9
2011-03-28,135.3
2011-03-29,135.2
2011-03-30,135.1
2011-03-31,134.8
2011-04-01,134.3
2011-04-04,134.1
2011-04-05,134.0
2011-04-06,134.1
2011-04-07,134.5
2011-04-08,135.5
2011-04-11,135.8
2011-04-12,136.5
2011-04-13,136.8
2011-04-14,137.0
2011-04-15,137.1
2011-04-18,137.1
2011-04-19,137.0
2011-04-20,136.8
2011-04-21,136.6
2011-04-22,136.4
2011-04-25,136.4
2011-04-26,136.4
2011-04-27,136.4
2011-04-28,136.8
2011-04-29,137.1
2011-05-02,137.4
2011-05-03,137.6
2011-05-04,137.7
2011-05-05,137.8
2011-05-06,138.6
2011-05-09,138.8
2011-05-10,137.9
2011-05-11,137.3
2011-05-12,137.0
2011-05-13,136.1
2011-05-16,135.2
2011-05-17,134.2
2011-05-18,133.7
2011-05-19,133.4
2011-05-20,131.6
2011-05-23,131.1
2011-05-24,130.1
2011-05-25,129.7
2011-05-26,129.5
2011-05-27,129.4
2011-05-30,129.6
2011-05-31,130.1
2011-06-01,130.3
2011-06-02,130.5
2011-06-03,131.0
2011-06-06,130.9
2011-06-07,130.6
2011-06-08,130.4
2011-06-09,130.3
2011-06-10,130.3
2011-06-13,130.4
2011-06-14,130.7
2011-06-15,131.7
2011-06-16,131.9
2011-06-17,132.0
2011-06-20,132.0
2011-06-21,131.3
2011-06-22,131.0
2011-06-23,130.8
2011-06-24,130.3
2011-06-27,130.2
2011-06-28,129.6
2011-06-29,129.2
2011-06-30,128.9
2011-07-01,128.3
2011-07-04,128.2
2011-07-05,128.6
2011-07-06,129.2
2011-07-07,129.8
2011-07-08,131.3
2011-07-11,131.7
2011-07-12,132.7
2011-07-13,133.0
2011-07-14,133.1
2011-07-15,133.6
2011-07-18,133.6
2011-07-19,133.8
2011-07-20,133.6
2011-07-21,133.4
2011-07-22,133.0
2011-07-25,132.9
2011-07-26,132.9
2011-07-27,132.9
2011-07-28,133.0
2011-07-29,133.0
2011-08-01,132.9
2011-08-02,132.6
2011-08-03,132.6
2011-08-04,132.5
2011-08-05,132.4
2011-08-08,132.2
2011-08-09,132.0
2011-08-10,131.7
2011-08-11,131.6
2011-08-12,130.9
2011-08-15,131.0
2011-08-16,131.3
2011-08-17,131.6
2011-08-18,132.0
2011-08-19,133.0
2011-08-22,133.2
2011-08-23,133.4
2011-08-24,133.4
2011-08-25,133.4
2011-08-26,133.2
2011-08-29,133.3
2011-08-30,133.8
2011-08-31,134.0
2011-09-01,134.2
2011-09-02,134.5
2011-09-05,135.3
2011-09-06,135.9
2011-09-07,136.0
2011-09-08,136.0
2011-09-09,136.2
2011-09-12,136.2
2011-09-13,135.9
2011-09-14,135.6
2011-09-15,135.5
2011-09-16,135.4
2011-09-19,135.4
2011-09-20,135.7
2011-09-21,136.0
2011-09-22,136.1
2011-09-23,136.6
2011-09-26,136.7
2011-09-27,136.9
2011-09-28,136.8
2011-09-29,136.7
2011-09-30,136.5
2011-10-03,136.6
2011-10-04,136.6
2011-10-05,136.7
2011-10-06,136.6
2011-10-07,137.0
2011-10-10,137.4
2011-10-11,137.9
2011-10-12,138.3
2011-10-13,138.5
2011-10-14,139.0
2011-10-17,139.0
2011-10-18,138.7
2011-10-19,138.5
2011-10-20,138.3
2011-10-21,137.4
2011-10-24,137.1
2011-10-25,136.2
2011-10-26,135.6
2011-10-27,135.1
2011-10-28,134.0
2011-10-31,133.5
2011-11-01,132.9
2011-11-02,132.4
2011-11-03,131.6
2011-11-04,130.7
2011-11-07,130.2
2011-11-08,129.8
2011-11-09,129.7
2011-11-10,129.9
2011-11-11,130.4
2011-11-14,130.9
2011-11-15,131.1
2011-11-16,131.1
2011-11-17,130.8
2011-11-18,130.0
2011-11-21,129.7
2011-11-22,129.3
2011-11-23,128.8
2011-11-24,128.8
2011-11-25,128.7
2011-11-28,128.8
2011-11-29,129.2
2011-11-30,129.4
2011-12-01,129.5
2011-12-02,129.7
2011-12-05,129.6
2011-12-06,129.3
2011-12-07,129.1
2011-12-08,129.0
2011-12-09,128.9
2011-12-12,128.9
2011-12-13,128.9
2011-12-14,129.0
2011-12-15,129.2
2011-12-16,129.6
2011-12-19,130.1
2011-12-20,130.5
2011-12-21,130.7
2011-12-22,130.8
2011-12-23,130.7
2011-12-26,130.7
2011-12-27,130.7
2011-12-28,130.7
2011-12-29,130.9
2011-12-30,131.0
2012-01-02,131.3
2012-01-03,131.3
2012-01-04,131.9
2012-01-05,131.9
2012-01-06,132.7
2012-01-09,133.0
2012-01-10,134.0
2012-01-11,134.3
2012-01-12,134.7
2012-01-13,135.3
2012-01-16,135.6
2012-01-17,135.5
2012-01-18,135.3
2012-01-19,135.2
2012-01-20,134.9
2012-01-23,134.8
2012-01-24,135.0
2012-01-25,135.1
2012-01-26,135.2
2012-01-27,135.2
2012-01-30,135.2
2012-01-31,134.8
2012-02-01,134.6
2012-02-02,134.5
2012-02-03,134.3
2012-02-06,134.0
2012-02-07,133.8
2012-02-08,133.6
2012-02-09,133.6
2012-02-10,133.5
2012-02-13,133.6
2012-02-14,134.1
2012-02-15,134.6
2012-02-16,134.9
2012-02-17,135.7
2012-02-20,136.1
2012-02-21,136.5
2012-02-22,136.7
2012-02-23,136.8
2012-02-24,137.1
2012-02-27,137.4
2012-02-28,137.8
2012-02-29,138.1
2012-03-01,138.3
2012-03-02,138.6
2012-03-05,138.6
2012-03-06,138.6
2012-03-07,138.6
2012-03-08,138.6
2012-03-09,138.8
2012-03-12,139.0
2012-03-13,139.5
2012-03-14,140.0
2012-03-15,140.4
2012-03-16,141.1
2012-03-19,141.9
2012-03-20,142.4
2012-03-21,142.6
2012-03-22,142.6
2012-03-23,142.6
2012-03-26,142.4
2012-03-27,142.4
2012-03-28,142.4
2012-03-29,142.6
2012-03-30,142.9
2012-04-02,143.2
2012-04-03,143.4
2012-04-04,143.4
2012-04-05,143.6
2012-04-06,144.0
2012-04-09,144.0
2012-04-10,144.2
2012-04-11,145.0
2012-04-12,145.1
2012-04-13,144.8
2012-04-16,144.4
2012-04-17,143.4
2012-04-18,143.2
2012-04-19,142.9
2012-04-20,142.5
2012-04-23,142.2
2012-04-24,141.7
2012-04-25,141.6
2012-04-26,141.5
2012-04-27,140.9
2012-04-30,141.0
2012-05-01,141.2
2012-05-02,141.5
2012-05-03,141.7
2012-05-04,141.8
2012-05-07,141.7
2012-05-08,140.9
2012-05-09,140.5
2012-05-10,139.9
2012-05-11,139.4
2012-05-14,138.9
2012-05-15,138.6
2012-05-16,137.7
2012-05-17,137.7
2012-05-18,137.4
2012-05-21,137.3
2012-05-22,136.9
2012-05-23,136.7
2012-05-24,136.5
2012-05-25,136.1
2012-05-28,135.9
2012-05-29,135.8
2012-05-30,135.8
2012-05-31,135.9
2012-06-01,135.7
2012-06-04,135.6
2012-06-05,135.2
2012-06-06,134.6
2012-06-07,134.1
2012-06-08,132.6
2012-06-11,132.3
2012-06-12,131.8
2012-06-13,129.7
2012-06-14,129.1
2012-06-15,127.8
2012-06-18,127.4
2012-06-19,126.5
2012-06-20,125.9
2012-06-21,125.4
2012-06-22,123.8
2012-06-25,123.0
2012-06-26,121.2
2012-06-27,120.7
2012-06-28,120.4
2012-06-29,119.8
2012-07-02,120.0
2012-07-03,120.5
2012-07-04,121.1
2012-07-05,121.4
2012-07-06,122.4
2012-07-09,122.8
2012-07-10,124.0
2012-07-11,124.5
2012-07-12,124.9
2012-07-13,125.9
2012-07-16,126.1
2012-07-17,126.9
2012-07-18,127.4
2012-07-19,127.9
2012-07-20,128.9
2012-07-23,129.5
2012-07-24,130.5
2012-07-25,130.8
2012-07-26,130.9
2012-07-27,131.3
2012-07-30,131.3
2012-07-31,130.9
2012-08-01,130.7
2012-08-02,130.7
2012-08-03,130.6
2012-08-06,130.9
2012-08-07,131.7
2012-08-08,132.1
2012-08-09,132.6
2012-08-10,134.1
2012-08-13,134.5
2012-08-14,135.6
2012-08-15,136.2
2012-08-16,136.7
2012-08-17,137.9
2012-08-20,138.2
2012-08-21,138.3
2012-08-22,138.4
2012-08-23,138.4
2012-08-24,138.0
2012-08-27,137.8
2012-08-28,137.5
2012-08-29,137.4
2012-08-30,137.3
2012-08-31,136.9
2012-09-03,136.6
2012-09-04,136.2
2012-09-05,135.9
2012-09-06,135.8
2012-09-07,135.6
2012-09-10,135.7
2012-09-11,136.1
2012-09-12,136.4
2012-09-13,136.7
2012-09-14,137.2
2012-09-17,137.4
2012-09-18,137.5
2012-09-19,137.5
2012-09-20,137.1
2012-09-21,136.6
2012-09-24,136.1
2012-09-25,135.5
2012-09-26,135.2
2012-09-27,135.1
2012-09-28,135.0
2012-10-01,135.4
2012-10-02,136.0
2012-10-03,136.5
2012-10-04,136.8
2012-10-05,137.4
2012-10-08,137.4
2012-10-09,137.9
2012-10-10,138.0
2012-10-11,138.2
2012-10-12,139.1
2012-10-15,139.5
2012-10-16,139.9
2012-10-17,140.1
2012-10-18,140.0
2012-10-19,139.6
2012-10-22,139.1
2012-10-23,138.1
2012-10-24,137.3
2012-10-25,136.5
2012-10-26,134.2
2012-10-29,133.7
2012-10-30,132.0
2012-10-31,131.7
2012-11-01,131.3
2012-11-02,131.0
2012-11-05,130.8
2012-11-06,130.5
2012-11-07,130.3
2012-11-08,130.2
2012-11-09,130.0
2012-11-12,130.0
2012-11-13,130.0
2012-11-14,130.3
2012-11-15,130.5
2012-11-16,131.1
2012-11-19,131.6
2012-11-20,132.4
2012-11-21,133.0
2012-11-22,133.6
2012-11-23,134.1
2012-11-26,134.5
2012-11-27,134.8
2012-11-28,134.8
2012-11-29,134.7
2012-11-30,134.3
2012-12-03,133.9
2012-12-04,133.5
2012-12-05,133.2
2012-12-06,133.1
2012-12-07,132.7
2012-12-10,132.3
2012-12-11,131.6
2012-12-12,131.1
2012-12-13,130.8
2012-12-14,130.2
2012-12-17,129.9
2012-12-18,129.8
2012-12-19,129.8
2012-12-20,129.9
2012-12-21,130.2
2012-12-24,130.3
2012-12-25,130.7
2012-12-26,130.7
2012-12-27,130.7
2012-12-28,131.9
2012-12-31,132.7
2013-01-01,133.4
2013-01-02,133.6
2013-01-03,134.3
2013-01-04,134.8
2013-01-07,134.8
2013-01-08,134.6
2013-01-09,134.3
2013-01-10,134.0
2013-01-11,133.5
2013-01-14,133.4
2013-01-15,132.9
2013-01-16,132.6
2013-01-17,132.4
2013-01-18,131.9
2013-01-21,131.6
2013-01-22,131.6
2013-01-23,131.8
2013-01-24,131.9
2013-01-25,132.7
2013-01-28,132.9
2013-01-29,132.9
2013-01-30,134.0
2013-01-31,134.6
2013-02-01,135.3
2013-02-04,136.0
2013-02-05,137.1
2013-02-06,137.7
2013-02-07,138.0
2013-02-08,139.1
2013-02-11,139.8
2013-02-12,140.5
2013-02-13,141.3
2013-02-14,141.9
2013-02-15,142.9
2013-02-18,143.3
2013-02-19,143.6
2013-02-20,143.8
2013-02-21,143.8
2013-02-22,143.6
2013-02-25,143.5
2013-02-26,143.4
2013-02-27,143.3
2013-02-28,143.1
2013-03-01,142.6
2013-03-04,142.1
2013-03-05,140.9
2013-03-06,140.5
2013-03-07,139.9
2013-03-08,139.0
2013-03-11,138.6
2013-03-12,138.3
2013-03-13,138.2
2013-03-14,138.0
2013-03-15,137.7
2013-03-18,137.4
2013-03-19,137.0
2013-03-20,136.7
2013-03-21,136.5
2013-03-22,135.9
2013-03-25,135.6
2013-03-26,135.2
2013-03-27,135.0
2013-03-28,134.8
2013-03-29,134.6
2013-04-01,134.6
2013-04-02,134.6
2013-04-03,134.8
2013-04-04,135.1
2013-04-05,135.2
2013-04-08,134.8
2013-04-09,133.5
2013-04-10,132.8
2013-04-11,132.1
2013-04-12,130.2
2013-04-15,129.5
2013-04-16,128.6
2013-04-17,127.8
2013-04-18,127.3
2013-04-19,126.3
2013-04-22,126.0
2013-04-23,126.1
2013-04-24,126.3
2013-04-25,126.6
2013-04-26,126.7
2013-04-29,127.4
2013-04-30,127.9
2013-05-01,128.2
2013-05-02,128.3
2013-05-03,128.6
2013-05-06,128.5
2013-05-07,128.3
2013-05-08,128.0
2013-05-09,128.0
2013-05-10,128.4
2013-05-13,128.8
2013-05-14,129.7
2013-05-15,130.3
2013-05-16,130.7
2013-05-17,131.6
2013-05-20,131.9
2013-05-21,132.5
2013-05-22,132.8
2013-05-23,133.1
2013-05-24,133.7
2013-05-27,134.1
2013-05-28,134.6
2013-05-29,134.9
2013-05-30,135.4
2013-05-31,136.3
2013-06-03,136.3
2013-06-04,136.2
2013-06-05,136.2
2013-06-06,136.1
2013-06-07,136.2
2013-06-10,136.3
2013-06-11,137.0
2013-06-12,138.1
2013-06-13,138.7
2013-06-14,139.7
2013-06-17,139.8
2013-06-18,139.6
2013-06-19,139.5
2013-06-20,139.4
2013-06-21,139.2
2013-06-24,139.5
2013-06-25,140.3
2013-06-26,140.6
2013-06-27,140.7
2013-06-28,140.9
2013-07-01,140.8
2013-07-02,140.3
2013-07-03,140.3
2013-07-04,140.4
2013-07-05,141.1
2013-07-08,141.7
2013-07-09,142.8
2013-07-10,143.3
2013-07-11,143.7
2013-07-12,144.9
2013-07-15,145.5
2013-07-16,146.9
2013-07-17,147.7
2013-07-18,148.4
2013-07-19,149.2
2013-07-22,149.1
2013-07-23,148.4
2013-07-24,148.0
2013-07-25,147.0
2013-07-26,145.0
2013-07-29,144.2
2013-07-30,142.8
2013-07-31,142.2
2013-08-01,141.9
2013-08-02,141.4
2013-08-05,141.6
2013-08-06,142.4
2013-08-07,142.5
2013-08-08,142.8
2013-08-09,142.9
2013-08-12,142.6
2013-08-13,141.8
2013-08-14,141.4
2013-08-15,141.1
2013-08-16,140.9
2013-08-19,140.8
2013-08-20,140.7
2013-08-21,140.8
2013-08-22,140.8
2013-08-23,140.9
2013-08-26,141.0
2013-08-27,141.2
2013-08-28,141.4
2013-08-29,141.9
2013-08-30,142.9
2013-09-02,143.9
2013-09-03,145.0
2013-09-04,145.7
2013-09-05,146.0
2013-09-06,146.5
2013-09-09,146.4
2013-09-10,146.1
2013-09-11,145.7
2013-09-12,145.0
2013-09-13,143.1
2013-09-16,142.2
2013-09-17,140.8
2013-09-18,140.2
2013-09-19,139.7
2013-09-20,138.7
2013-09-23,138.4
2013-09-24,138.2
2013-09-25,138.2
2013-09-26,138.0
2013-09-27,138.0
2013-09-30,138.1
2013-10-01,138.1
2013-10-02,138.0
2013-10-03,137.9
2013-10-04,137.5
2013-10-07,137.4
2013-10-08,137.2
2013-10-09,136.9
2013-10-10,136.8
2013-10-11,136.7
2013-10-14,136.7
2013-10-15,136.9
2013-10-16,137.1
2013-10-17,137.2
2013-10-18,137.2
2013-10-21,137.2
2013-10-22,136.8
2013-10-23,136.5
2013-10-24,136.2
2013-10-25,135.6
2013-10-28,135.1
2013-10-29,134.6
2013-10-30,134.4
2013-10-31,134.3
2013-11-01,134.6
2013-11-04,134.7
2013-11-05,135.1
2013-11-06,135.6
2013-11-07,135.6
2013-11-08,135.2
2013-11-11,135.0
2013-11-12,134.7
2013-11-13,134.6
2013-11-14,134.9
2013-11-15,135.4
2013-11-18,136.1
2013-11-19,137.1
2013-11-20,137.6
2013-11-21,138.0
2013-11-22,138.3
2013-11-25,138.3
2013-11-26,138.7
2013-11-27,139.0
2013-11-28,139.3
2013-11-29,140.7
2013-12-02,140.9
2013-12-03,141.4
2013-12-04,141.6
2013-12-05,141.7
2013-12-06,141.9
2013-12-09,142.0
2013-12-10,142.3
2013-12-11,142.5
2013-12-12,142.6
2013-12-13,142.8
2013-12-16,142.9
2013-12-17,143.0
2013-12-18,143.1
2013-12-19,143.2
2013-12-20,143.5
2013-12-23,144.4
2013-12-24,144.8
2013-12-25,144.8
2013-12-26,144.8
2013-12-27,144.8
2013-12-30,145.8
2013-12-31,147.3
2014-01-01,147.3
2014-01-02,147.5
2014-01-03,147.8
2014-01-06,147.9
2014-01-07,147.6
2014-01-08,147.1
2014-01-09,146.7
2014-01-10,145.9
2014-01-13,145.4
2014-01-14,144.9
2014-01-15,144.6
2014-01-16,144.3
2014-01-17,143.9
2014-01-20,143.7
2014-01-21,143.6
2014-01-22,143.6
2014-01-23,143.8
2014-01-24,144.5
2014-01-27,144.5
2014-01-28,144.6
2014-01-29,145.5
2014-01-30,145.9
2014-01-31,146.0
2014-02-03,146.1
2014-02-04,146.1
2014-02-05,145.9
2014-02-06,145.7
2014-02-07,145.0
2014-02-10,144.5
2014-02-11,143.9
2014-02-12,143.7
2014-02-13,143.7
2014-02-14,144.2
2014-02-17,144.4
2014-02-18,145.0
2014-02-19,145.3
2014-02-20,145.4
2014-02-21,145.6
2014-02-24,145.6
2014-02-25,145.8
2014-02-26,145.9
2014-02-27,146.0
2014-02-28,146.1
2014-03-03,146.2
2014-03-04,146.3
2014-03-05,146.5
2014-03-06,146.6
2014-03-07,146.9
2014-03-10,146.9
2014-03-11,146.8
2014-03-12,146.4
2014-03-13,146.3
2014-03-14,145.8
2014-03-17,145.6
2014-03-18,145.4
2014-03-19,145.2
2014-03-20,144.9
2014-03-21,144.0
2014-03-24,143.5
2014-03-25,143.1
2014-03-26,142.8
2014-03-27,142.7
2014-03-28,142.4
2014-03-31,142.3
2014-04-01,142.1
2014-04-02,141.9
2014-04-03,141.8
2014-04-04,141.6
2014-04-07,141.4
2014-04-08,141.4
2014-04-09,141.5
2014-04-10,141.5
2014-04-11,141.8
2014-04-14,142.0
2014-04-15,142.2
2014-04-16,142.4
2014-04-17,142.5
2014-04-18,142.6
2014-04-21,142.6
2014-04-22,142.8
2014-04-23,143.3
2014-04-24,143.5
2014-04-25,143.6
2014-04-28,144.1
2014-04-29,144.4
2014-04-30,144.4
2014-05-01,144.3
2014-05-02,144.0
2014-05-05,143.8
2014-05-06,143.1
2014-05-07,142.8
2014-05-08,142.3
2014-05-09,141.1
2014-05-12,140.9
2014-05-13,140.8
2014-05-14,140.8
2014-05-15,140.9
2014-05-16,141.6
2014-05-19,141.9
2014-05-20,142.2
2014-05-21,142.4
2014-05-22,142.6
2014-05-23,143.4
2014-05-26,143.6
2014-05-27,144.2
2014-05-28,144.6
2014-05-29,144.7
2014-05-30,145.1
2014-06-02,145.2
2014-06-03,145.1
2014-06-04,144.9
2014-06-05,144.6
2014-06-06,143.9
2014-06-09,143.6
2014-06-10,143.1
2014-06-11,142.4
2014-06-12,142.0
2014-06-13,141.7
2014-06-16,141.7
2014-06-17,141.9
2014-06-18,142.1
2014-06-19,142.4
2014-06-20,143.6
2014-06-23,144.1
2014-06-24,145.0
2014-06-25,145.6
2014-06-26,145.7
2014-06-27,146.2
2014-06-30,146.3
2014-07-01,146.6
2014-07-02,146.7
2014-07-03,146.9
2014-07-04,147.0
2014-07-07,146.9
2014-07-08,146.7
2014-07-09,146.5
2014-07-10,146.2
2014-07-11,145.3
2014-07-14,145.0
2014-07-15,144.5
2014-07-16,144.4
2014-07-17,144.0
2014-07-18,143.8
2014-07-21,143.6
2014-07-22,143.2
2014-07-23,143.0
2014-07-24,142.7
2014-07-25,141.8
2014-07-28,141.3
2014-07-29,140.6
2014-07-30,140.2
2014-07-31,139.7
2014-08-01,139.0
2014-08-04,138.6
2014-08-05,138.2
2014-08-06,137.8
2014-08-07,137.5
2014-08-08,136.4
2014-08-11,136.1
2014-08-12,135.9
2014-08-13,135.8
2014-08-14,135.9
2014-08-15,136.1
2014-08-18,136.1
2014-08-19,135.4
2014-08-20,135.2
2014-08-21,135.0
2014-08-22,134.3
2014-08-25,134.2
2014-08-26,134.5
2014-08-27,134.7
2014-08-28,135.0
2014-08-29,135.6
2014-09-01,135.8
2014-09-02,136.1
2014-09-03,136.2
2014-09-04,136.2
2014-09-05,136.1
2014-09-08,136.1
2014-09-09,136.1
2014-09-10,135.9
2014-09-11,135.8
2014-09-12,135.7
2014-09-15,135.7
2014-09-16,136.0
2014-09-17,136.5
2014-09-18,136.8
2014-09-19,137.1
2014-09-22,137.5
2014-09-23,137.4
2014-09-24,137.4
2014-09-25,137.4
2014-09-26,137.6
2014-09-29,137.8
2014-09-30,138.3
2014-10-01,138.7
2014-10-02,139.5
2014-10-03,139.8
2014-10-06,139.8
2014-10-07,139.5
2014-10-08,139.5
2014-10-09,139.1
2014-10-10,138.3
2014-10-13,137.9
2014-10-14,136.6
2014-10-15,136.0
2014-10-16,134.7
2014-10-17,133.9
2014-10-20,132.7
2014-10-21,132.0
2014-10-22,131.3
2014-10-23,131.1
2014-10-24,130.8
2014-10-27,130.4
2014-10-28,130.1
2014-10-29,129.9
2014-10-30,129.7
2014-10-31,129.5
2014-11-03,129.9
2014-11-04,130.0
2014-11-05,130.0
2014-11-06,129.9
2014-11-07,129.2
2014-11-10,129.0
2014-11-11,128.7
2014-11-12,128.3
2014-11-13,128.1
2014-11-14,128.0
2014-11-17,127.5
2014-11-18,126.6
2014-11-19,125.6
2014-11-20,124.7
2014-11-21,124.0
2014-11-24,123.8
2014-11-25,124.0
2014-11-26,124.5
2014-11-27,124.9
2014-11-28,125.4
2014-12-01,125.5
2014-12-02,125.1
2014-12-03,123.8
2014-12-04,122.9
2014-12-05,121.3
2014-12-08,119.7
2014-12-09,119.2
2014-12-10,118.3
2014-12-11,117.4
2014-12-12,116.6
2014-12-15,115.9
2014-12-16,115.0
2014-12-17,114.1
2014-12-18,113.2
2014-12-19,112.3
2014-12-22,111.8
2014-12-23,111.5
2014-12-24,111.4
2014-12-25,111.5
2014-12-26,111.5
2014-12-29,111.5
2014-12-30,112.6
2014-12-31,112.6
2015-01-01,112.2
2015-01-02,112.2
2015-01-05,110.4
2015-01-06,109.6
2015-01-07,108.7
2015-01-08,107.7
2015-01-09,106.3
2015-01-12,105.5
2015-01-13,104.6
2015-01-14,103.0
2015-01-15,102.2
2015-01-16,101.2
2015-01-19,100.7
2015-01-20,100.1
2015-01-21,100.1
2015-01-22,100.3
2015-01-23,100.6
2015-01-26,100.9
2015-01-27,101.0
2015-01-28,101.5
2015-01-29,101.8
2015-01-30,102.2
2015-02-02,103.2
2015-02-03,104.0
2015-02-04,104.5
2015-02-05,107.3
2015-02-06,109.1
2015-02-09,110.3
2015-02-10,112.4
2015-02-11,113.5
2015-02-12,114.3
2015-02-13,114.9
2015-02-16,115.1
2015-02-17,115.8
2015-02-18,117.0
2015-02-19,117.2
2015-02-20,117.9
2015-02-23,118.4
2015-02-24,118.8
2015-02-25,118.8
2015-02-26,118.6
2015-02-27,118.3
2015-03-02,118.5
2015-03-03,119.2
2015-03-04,119.9
2015-03-05,120.4
2015-03-06,121.2
2015-03-09,121.8
2015-03-10,122.1
2015-03-11,122.3
2015-03-12,122.4
2015-03-13,122.4
2015-03-16,122.3
2015-03-17,121.9
2015-03-18,121.3
2015-03-19,120.4
2015-03-20,119.6
2015-03-23,118.9
2015-03-24,118.4
2015-03-25,118.2
2015-03-26,118.1
2015-03-27,118.3
2015-03-30,118.8
2015-03-31,119.2
2015-04-01,119.5
2015-04-02,119.6
2015-04-03,119.6
2015-04-06,119.6
2015-04-07,119.4
2015-04-08,118.6
2015-04-09,118.6
2015-04-10,118.7
2015-04-13,118.1
2015-04-14,118.0
2015-04-15,118.3
2015-04-16,118.7
2015-04-17,119.3
2015-04-20,120.4
2015-04-21,121.8
2015-04-22,122.6
2015-04-23,123.0
2015-04-24,123.0
2015-04-27,123.3
2015-04-28,123.8
2015-04-29,124.5
2015-04-30,124.9
2015-05-01,125.3
2015-05-04,125.5
2015-05-05,125.8
2015-05-06,126.0
2015-05-07,126.2
2015-05-08,126.8
2015-05-11,126.9
2015-05-12,126.9
2015-05-13,126.9
2015-05-14,126.8
2015-05-15,126.8
2015-05-18,126.8
2015-05-19,127.0
2015-05-20,127.3
2015-05-21,127.6
2015-05-22,127.6
2015-05-25,128.1
2015-05-26,128.2
2015-05-27,128.4
2015-05-28,128.5
2015-05-29,128.3
2015-06-01,128.3
2015-06-02,128.2
2015-06-03,128.4
2015-06-04,128.8
2015-06-05,129.0
2015-06-08,129.2
2015-06-09,129.2
2015-06-10,129.3
2015-06-11,129.3
2015-06-12,130.1
2015-06-15,130.8
2015-06-16,131.5
2015-06-17,131.7
2015-06-18,132.0
2015-06-19,131.9
2015-06-22,131.6
2015-06-23,130.9
2015-06-24,130.5
2015-06-25,129.9
2015-06-26,129.6
2015-06-29,128.5
2015-06-30,128.4
2015-07-01,127.9
2015-07-02,127.8
2015-07-03,127.3
2015-07-06,127.2
2015-07-07,126.7
2015-07-08,126.2
2015-07-09,125.9
2015-07-10,125.8
2015-07-13,126.1
2015-07-14,126.6
2015-07-15,126.9
2015-07-16,127.2
2015-07-17,127.4
2015-07-20,127.3
2015-07-21,126.9
2015-07-22,126.6
2015-07-23,126.3
2015-07-24,126.1
2015-07-27,125.8
2015-07-28,125.6
2015-07-29,125.3
2015-07-30,125.0
2015-07-31,124.8
2015-08-03,124.9
2015-08-04,124.7
2015-08-05,124.3
2015-08-06,124.1
2015-08-07,124.0
2015-08-10,123.9
2015-08-11,123.5
2015-08-12,123.4
2015-08-13,123.2
2015-08-14,123.0
2015-08-17,122.6
2015-08-18,122.3
2015-08-19,121.8
2015-08-20,121.0
2015-08-21,119.8
2015-08-24,118.9
2015-08-25,117.2
2015-08-26,116.0
2015-08-27,115.4
2015-08-28,114.3
2015-08-31,113.4
2015-09-01,113.5
2015-09-02,114.3
2015-09-03,115.6
2015-09-04,116.9
2015-09-07,118.4
2015-09-08,119.1
2015-09-09,120.7
2015-09-10,120.9
2015-09-11,121.1
2015-09-14,120.9
2015-09-15,120.2
2015-09-16,119.6
2015-09-17,118.6
2015-09-18,118.0
2015-09-21,117.7
2015-09-22,117.5
2015-09-23,117.4
2015-09-24,117.8
2015-09-25,118.6
2015-09-28,119.2
2015-09-29,119.5
2015-09-30,120.1
2015-10-01,120.3
2015-10-02,120.3
2015-10-05,120.1
2015-10-06,120.1
2015-10-07,120.0
2015-10-08,119.9
2015-10-09,119.9
2015-10-12,119.2
2015-10-13,119.0
2015-10-14,118.4
2015-10-15,118.0
2015-10-16,117.2
2015-10-19,116.7
2015-10-20,116.1
2015-10-21,115.3
2015-10-22,114.8
2015-10-23,113.8
2015-10-26,113.4
2015-10-27,112.9
2015-10-28,112.5
2015-10-29,112.5
2015-10-30,112.9
2015-11-02,113.3
2015-11-03,113.6
2015-11-04,113.8
2015-11-05,114.0
2015-11-06,114.1
2015-11-09,114.0
2015-11-10,113.9
2015-11-11,113.8
2015-11-12,113.8
2015-11-13,113.5
2015-11-16,113.2
2015-11-17,112.7
2015-11-18,112.3
2015-11-19,111.6
2015-11-20,110.9
2015-11-23,110.5
2015-11-24,110.1
2015-11-25,109.8
2015-11-26,109.8
2015-11-27,110.0
2015-11-30,110.2
2015-12-01,110.5
2015-12-02,110.8
2015-12-03,110.9
2015-12-04,110.7
2015-12-07,110.2
2015-12-08,109.6
2015-12-09,108.9
2015-12-10,108.2
2015-12-11,107.6
2015-12-14,107.4
2015-12-15,107.5
2015-12-16,107.7
2015-12-17,107.8
2015-12-18,108.0
2015-12-21,108.1
2015-12-22,108.1
2015-12-23,107.9
2015-12-24,107.5
2015-12-25,107.3
2015-12-28,107.3
2015-12-29,107.0
2015-12-30,106.5
2015-12-31,106.2
2016-01-01,106.2
2016-01-04,106.2
2016-01-05,106.0
2016-01-06,106.2
2016-01-07,106.6
2016-01-08,106.9
2016-01-11,106.8
2016-01-12,106.8
2016-01-13,106.5
2016-01-14,105.9
2016-01-15,105.5
2016-01-18,104.7
2016-01-19,104.0
2016-01-20,103.5
2016-01-21,102.9
2016-01-22,102.4
2016-01-25,102.1
2016-01-26,102.0
2016-01-27,101.9
2016-01-28,102.0
2016-01-29,102.1
2016-02-01,102.3
2016-02-02,102.6
2016-02-03,102.5
2016-02-04,102.0
2016-02-05,101.5
2016-02-08,101.0
2016-02-09,99.9
2016-02-10,99.2
2016-02-11,98.2
2016-02-12,97.4
2016-02-15,96.6
2016-02-16,95.8
2016-02-17,95.7
2016-02-18,95.9
2016-02-19,95.9
2016-02-22,96.4
2016-02-23,96.8
2016-02-24,96.5
2016-02-25,96.3
2016-02-26,96.4
2016-02-29,96.7
2016-03-01,96.8
2016-03-02,97.6
2016-03-03,97.8
2016-03-04,99.0
2016-03-07,98.8
2016-03-08,99.7
2016-03-09,100.2
2016-03-10,100.6
2016-03-11,101.0
2016-03-14,101.8
2016-03-15,103.0
2016-03-16,103.4
2016-03-17,103.6
2016-03-18,103.7
2016-03-21,103.6
2016-03-22,103.3
2016-03-23,103.4
2016-03-24,103.3
2016-03-25,103.5
2016-03-28,103.5
2016-03-29,103.7
2016-03-30,103.3
2016-03-31,103.5
2016-04-01,103.5
2016-04-04,104.1
2016-04-05,103.7
2016-04-06,102.7
2016-04-07,102.3
2016-04-08,101.7
2016-04-11,101.3
2016-04-12,101.4
2016-04-13,101.7
2016-04-14,102.7
2016-04-15,103.2
2016-04-18,103.7
2016-04-19,103.9
2016-04-20,103.5
2016-04-21,102.8
2016-04-22,102.4
2016-04-25,102.2
2016-04-26,102.3
2016-04-27,102.7
2016-04-28,103.2
2016-04-29,104.3
2016-05-02,105.0
2016-05-03,106.1
2016-05-04,106.8
2016-05-05,107.1
2016-05-06,107.2
2016-05-09,107.1
2016-05-10,106.6
2016-05-11,106.5
2016-05-12,106.5
2016-05-13,106.7
2016-05-16,106.9
2016-05-17,107.7
2016-05-18,108.6
2016-05-19,109.4
2016-05-20,110.7
2016-05-23,111.2
2016-05-24,111.6
2016-05-25,111.8
2016-05-26,112.3
2016-05-27,112.7
2016-05-30,112.9
2016-05-31,113.1
2016-06-01,113.3
2016-06-02,113.1
2016-06-03,113.0
2016-06-06,112.5
2016-06-07,112.4
2016-06-08,112.1
2016-06-09,111.4
2016-06-10,111.2
2016-06-13,111.0
2016-06-14,110.9
2016-06-15,110.4
2016-06-16,110.2
2016-06-17,110.0
2016-06-20,109.2
2016-06-21,108.7
2016-06-22,108.4
2016-06-23,108.4
2016-06-24,108.7
2016-06-27,109.1
2016-06-28,109.3
2016-06-29,109.3
2016-06-30,109.0
2016-07-01,108.6
2016-07-04,108.1
2016-07-05,107.7
2016-07-06,107.5
2016-07-07,107.1
2016-07-08,106.9
2016-07-11,106.2
2016-07-12,104.7
2016-07-13,103.3
2016-07-14,102.5
2016-07-15,101.9
2016-07-18,101.4
2016-07-19,101.3
2016-07-20,101.6
2016-07-21,101.7
2016-07-22,101.8
2016-07-25,102.1
2016-07-26,101.8
2016-07-27,101.7
2016-07-28,101.3
2016-07-29,101.0
2016-08-01,100.9
2016-08-02,99.9
2016-08-03,99.7
2016-08-04,99.2
2016-08-05,98.6
2016-08-08,98.4
2016-08-09,98.4
2016-08-10,98.7
2016-08-11,99.0
2016-08-12,99.5
2016-08-15,99.7
2016-08-16,99.8
2016-08-17,100.3
2016-08-18,101.6
2016-08-19,102.0
2016-08-22,103.2
2016-08-23,104.1
2016-08-24,105.0
2016-08-25,105.5
2016-08-26,105.9
2016-08-29,106.1
2016-08-30,106.2
2016-08-31,106.6
2016-09-01,107.1
2016-09-02,107.5
2016-09-05,107.4
2016-09-06,107.5
2016-09-07,107.0
2016-09-08,106.6
2016-09-09,106.0
2016-09-12,106.1
2016-09-13,106.3
2016-09-14,106.9
2016-09-15,107.6
2016-09-16,108.1
2016-09-19,108.3
2016-09-20,108.2
2016-09-21,107.7
2016-09-22,107.7
2016-09-23,107.4
2016-09-26,107.3
2016-09-27,107.2
2016-09-28,106.9
2016-09-29,106.8
2016-09-30,106.7
2016-10-03,106.8
2016-10-04,107.0
2016-10-05,107.3
2016-10-06,107.7
2016-10-07,108.4
2016-10-10,108.7
2016-10-11,109.2
2016-10-12,109.6
2016-10-13,110.0
2016-10-14,110.5
2016-10-17,110.8
2016-10-18,111.2
2016-10-19,111.4
2016-10-20,111.6
2016-10-21,111.8
2016-10-24,111.9
2016-10-25,112.1
2016-10-26,112.3
2016-10-27,112.5
2016-10-28,112.6
2016-10-31,112.7
2016-11-01,112.6
2016-11-02,112.4
2016-11-03,112.1
2016-11-04,111.8
2016-11-07,110.9
2016-11-08,110.2
2016-11-09,108.7
2016-11-10,109.1
2016-11-11,108.4
2016-11-14,106.5
2016-11-15,106.3
2016-11-16,107.9
2016-11-17,106.1
2016-11-18,106.1
2016-11-21,106.2
2016-11-22,106.4
2016-11-23,106.7
2016-11-24,107.9
2016-11-25,108.7
2016-11-28,109.8
2016-11-29,110.3
2016-11-30,110.5
2016-12-01,110.4
2016-12-02,109.8
2016-12-05,109.7
2016-12-06,109.9
2016-12-07,111.2
2016-12-08,111.9
2016-12-09,113.1
2016-12-12,113.8
2016-12-13,114.2
2016-12-14,114.5
2016-12-15,114.7
2016-12-16,115.0
2016-12-19,115.4
2016-12-20,115.8
2016-12-21,116.2
2016-12-22,116.7
2016-12-23,116.0
2016-12-26,116.5
2016-12-27,116.5
2016-12-28,117.0
2016-12-29,117.5
2016-12-30,118.2
2017-01-02,118.4
2017-01-03,118.4
2017-01-04,118.7
2017-01-05,119.1
2017-01-06,119.4
2017-01-09,121.8
2017-01-10,121.7
2017-01-11,121.4
2017-01-12,121.2
2017-01-13,120.2
2017-01-16,119.5
2017-01-17,119.0
2017-01-18,118.7
2017-01-19,118.7
2017-01-20,118.8
2017-01-23,119.0
2017-01-24,118.8
2017-01-25,118.5
2017-01-26,118.3
2017-01-27,118.1
2017-01-30,117.8
2017-01-31,118.0
2017-02-01,118.4
2017-02-02,118.5
2017-02-03,118.7
2017-02-06,119.0
2017-02-07,119.1
2017-02-08,119.1
2017-02-09,119.0
2017-02-10,118.8
2017-02-13,118.6
2017-02-14,118.7
2017-02-15,118.8
2017-02-16,119.0
2017-02-17,119.2
2017-02-20,119.2
2017-02-21,118.8
2017-02-22,118.3
2017-02-23,117.9
2017-02-24,117.2
2017-02-27,116.7
2017-02-28,116.4
2017-03-01,116.3
2017-03-02,116.2
2017-03-03,116.0
2017-03-06,115.8
2017-03-07,115.4
2017-03-08,114.9
2017-03-09,114.7
2017-03-10,114.6
2017-03-13,114.7
2017-03-14,114.8
2017-03-15,114.8
2017-03-16,114.4
2017-03-17,113.6
2017-03-20,113.0
2017-03-21,112.3
2017-03-22,111.9
2017-03-23,111.6
2017-03-24,111.5
2017-03-27,111.5
2017-03-28,111.6
2017-03-29,111.8
2017-03-30,111.9
2017-03-31,112.1
2017-04-03,112.5
2017-04-04,112.8
2017-04-05,113.6
2017-04-06,114.3
2017-04-07,115.2
2017-04-10,115.7
2017-04-11,116.4
2017-04-12,117.0
2017-04-13,117.6
2017-04-14,117.9
2017-04-17,117.9
2017-04-18,117.9
2017-04-19,118.5
2017-04-20,118.5
2017-04-21,118.1
2017-04-24,117.9
2017-04-25,117.7
2017-04-26,117.7
2017-04-27,116.9
2017-04-28,116.3
2017-05-01,115.7
2017-05-02,115.2
2017-05-03,114.8
2017-05-04,114.4
2017-05-05,114.0
2017-05-08,113.6
2017-05-09,113.0
2017-05-10,112.7
2017-05-11,112.5
2017-05-12,112.5
2017-05-15,112.9
2017-05-16,113.5
2017-05-17,114.1
2017-05-18,114.9
2017-05-19,115.0
2017-05-22,115.1
2017-05-23,115.3
2017-05-24,115.5
2017-05-25,115.6
2017-05-26,115.9
2017-05-29,116.2
2017-05-30,116.1
2017-05-31,115.9
2017-06-01,115.7
2017-06-02,115.4
2017-06-05,115.2
2017-06-06,114.8
2017-06-07,114.5
2017-06-08,113.9
2017-06-09,113.5
2017-06-12,112.9
2017-06-13,112.2
2017-06-14,111.5
2017-06-15,111.0
2017-06-16,110.5
2017-06-19,109.9
2017-06-20,109.3
2017-06-21,108.7
2017-06-22,108.2
2017-06-23,107.6
2017-06-26,107.3
2017-06-27,107.2
2017-06-28,107.2
2017-06-29,107.3
2017-06-30,107.4
2017-07-03,107.8
2017-07-04,108.0
2017-07-05,108.1
2017-07-06,108.6
2017-07-07,109.0
2017-07-10,109.3
2017-07-11,109.6
2017-07-12,109.7
2017-07-13,109.6
2017-07-14,109.4
2017-07-17,109.2
2017-07-18,109.0
2017-07-19,109.0
2017-07-20,109.0
2017-07-21,108.9
2017-07-24,109.0
2017-07-25,109.3
2017-07-26,109.2
2017-07-27,109.2
2017-07-28,109.4
2017-07-31,109.4
2017-08-01,109.6
2017-08-02,110.0
2017-08-03,110.5
2017-08-04,111.3
2017-08-07,111.8
2017-08-08,112.2
2017-08-09,112.4
2017-08-10,112.7
2017-08-11,113.0
2017-08-14,113.3
2017-08-15,113.7
2017-08-16,114.0
2017-08-17,114.1
2017-08-18,114.1
2017-08-21,113.9
2017-08-22,113.8
2017-08-23,113.8
2017-08-24,113.9
2017-08-25,113.8
2017-08-28,113.9
2017-08-29,114.0
2017-08-30,114.2
2017-08-31,114.2
2017-09-01,114.4
2017-09-04,114.7
2017-09-05,115.1
2017-09-06,115.4
2017-09-07,115.7
2017-09-08,116.0
2017-09-11,116.2
2017-09-12,116.2
2017-09-13,116.2
2017-09-14,116.1
2017-09-15,116.0
2017-09-18,116.1
2017-09-19,116.1
2017-09-20,116.3
2017-09-21,116.5
2017-09-22,116.5
2017-09-25,116.5
2017-09-26,116.3
2017-09-27,116.2
2017-09-28,116.3
2017-09-29,116.5
2017-10-02,116.8
2017-10-03,117.2
2017-10-04,117.4
2017-10-05,117.2
2017-10-06,116.8
2017-10-09,116.4
2017-10-10,116.3
2017-10-11,116.2
2017-10-12,116.3
2017-10-13,116.6
2017-10-16,116.7
2017-10-17,116.6
2017-10-18,116.8
2017-10-19,117.0
2017-10-20,117.2
2017-10-23,117.3
2017-10-24,117.4
2017-10-25,117.3
2017-10-26,117.1
2017-10-27,117.1
2017-10-30,117.4
2017-10-31,117.9
2017-11-01,118.6
2017-11-02,119.5
2017-11-03,120.3
2017-11-06,121.0
2017-11-07,121.3
2017-11-08,121.6
2017-11-09,122.4
2017-11-10,123.0
2017-11-13,123.6
2017-11-14,124.2
2017-11-15,124.7
2017-11-16,124.8
2017-11-17,124.7
2017-11-20,124.5
2017-11-21,124.1
2017-11-22,123.9
2017-11-23,123.8
2017-11-24,124.1
2017-11-27,124.3
2017-11-28,124.6
2017-11-29,124.7
2017-11-30,124.8
2017-12-01,124.8
2017-12-04,124.9
2017-12-05,124.9
2017-12-06,124.9
2017-12-07,124.7
2017-12-08,124.4
2017-12-11,124.2
2017-12-12,123.9
2017-12-13,123.9
2017-12-14,124.4
2017-12-15,124.7
2017-12-18,124.8
2017-12-19,124.7
2017-12-20,124.5
2017-12-21,123.7
2017-12-22,123.4
2017-12-25,123.2
2017-12-26,123.2
2017-12-27,123.2
2017-12-28,123.1
2017-12-29,123.1
2018-01-01,123.3
2018-01-02,123.3
2018-01-03,123.4
2018-01-04,123.5
2018-01-05,123.3
2018-01-08,123.0
2018-01-09,122.7
2018-01-10,122.7
2018-01-11,122.6
2018-01-12,122.9
2018-01-15,123.4
2018-01-16,123.7
2018-01-17,123.9
2018-01-18,124.0
2018-01-19,123.9
2018-01-22,123.7
2018-01-23,123.6
2018-01-24,123.4
2018-01-25,123.4
2018-01-26,123.4
2018-01-29,123.4
2018-01-30,123.8
2018-01-31,124.0
2018-02-01,124.2
2018-02-02,124.1
2018-02-05,124.4
2018-02-06,125.4
2018-02-07,125.5
2018-02-08,125.6
2018-02-09,125.7
2018-02-12,125.4
2018-02-13,124.8
2018-02-14,124.3
2018-02-15,123.5
2018-02-16,122.6
2018-02-19,121.8
2018-02-20,121.2
2018-02-21,120.9
2018-02-22,121.1
2018-02-23,121.3
2018-02-26,121.6
2018-02-27,122.0
2018-02-28,122.4
2018-03-01,122.8
2018-03-02,123.4
2018-03-05,123.7
2018-03-06,123.9
2018-03-07,123.9
2018-03-08,123.8
2018-03-09,123.6
2018-03-12,123.3
2018-03-13,123.0
2018-03-14,122.8
2018-03-15,122.5
2018-03-16,122.3
2018-03-19,122.1
2018-03-20,122.2
2018-03-21,122.5
2018-03-22,123.1
2018-03-23,123.8
2018-03-26,124.9
2018-03-27,126.0
2018-03-28,126.9
2018-03-29,127.6
2018-03-30,128.0
2018-04-02,128.0
2018-04-03,128.0
2018-04-04,128.6
2018-04-05,128.7
2018-04-06,128.4
2018-04-09,128.2
2018-04-10,127.9
2018-04-11,127.6
2018-04-12,127.5
2018-04-13,127.6
2018-04-16,127.9
2018-04-17,128.3
2018-04-18,128.6
2018-04-19,128.8
2018-04-20,128.9
2018-04-23,128.9
2018-04-24,128.9
2018-04-25,129.1
2018-04-26,129.1
2018-04-27,130.5
2018-04-30,131.5
2018-05-01,132.2
2018-05-02,132.5
2018-05-03,132.8
2018-05-04,132.8
2018-05-07,132.9
2018-05-08,132.7
2018-05-09,132.6
2018-05-10,132.6
2018-05-11,133.0
2018-05-14,133.5
2018-05-15,134.7
2018-05-16,135.2
2018-05-17,136.2
2018-05-18,136.7
2018-05-21,137.4
2018-05-22,137.9
2018-05-23,139.0
2018-05-24,139.7
2018-05-25,140.0
2018-05-28,140.1
2018-05-29,139.7
2018-05-30,138.9
2018-05-31,138.5
2018-06-01,137.8
2018-06-04,137.1
2018-06-05,136.5
2018-06-06,136.2
2018-06-07,135.9
2018-06-08,135.4
2018-06-11,134.8
2018-06-12,134.5
2018-06-13,133.8
2018-06-14,133.4
2018-06-15,133.3
2018-06-18,133.4
2018-06-19,133.6
2018-06-20,133.3
2018-06-21,133.0
2018-06-22,132.8
2018-06-25,132.4
2018-06-26,132.0
2018-06-27,131.9
2018-06-28,131.8
2018-06-29,131.9
2018-07-02,132.3
2018-07-03,132.8
2018-07-04,133.5
2018-07-05,133.9
2018-07-06,134.3
2018-07-09,134.4
2018-07-10,134.4
2018-07-11,134.3
2018-07-12,134.2
2018-07-13,134.3
2018-07-16,134.3
2018-07-17,134.0
2018-07-18,133.7
2018-07-19,133.1
2018-07-20,132.6
2018-07-23,131.8
2018-07-24,131.7
2018-07-25,131.7
2018-07-26,132.1
2018-07-27,132.8
2018-07-30,133.6
2018-07-31,134.4
2018-08-01,135.1
2018-08-02,135.4
2018-08-03,135.6
2018-08-06,135.3
2018-08-07,135.0
2018-08-08,134.6
2018-08-09,134.5
2018-08-10,134.6
2018-08-13,134.8
2018-08-14,135.2
2018-08-15,135.5
2018-08-16,135.7
2018-08-17,136.2
2018-08-20,136.5
2018-08-21,136.9
2018-08-22,136.8
2018-08-23,136.6
2018-08-24,136.0
2018-08-27,135.7
2018-08-28,135.9
2018-08-29,136.5
2018-08-30,137.1
2018-08-31,137.5
2018-09-03,138.0
2018-09-04,138.3
2018-09-05,139.0
2018-09-06,139.7
2018-09-07,140.5
2018-09-10,141.0
2018-09-11,141.1
2018-09-12,141.2
2018-09-13,141.2
2018-09-14,141.4
2018-09-17,141.7
2018-09-18,142.1
2018-09-19,142.3
2018-09-20,142.4
2018-09-21,142.3
2018-09-24,142.2
2018-09-25,142.2
2018-09-26,142.1
2018-09-27,142.3
2018-09-28,142.6
2018-10-01,142.9
2018-10-02,143.2
2018-10-03,143.7
2018-10-04,144.3
2018-10-05,145.0
2018-10-08,145.7
2018-10-09,146.5
2018-10-10,147.0
2018-10-11,147.3
2018-10-12,147.4
2018-10-15,147.1
2018-10-16,146.5
2018-10-17,145.8
2018-10-18,144.5
2018-10-19,143.6
2018-10-22,142.7
2018-10-23,141.3
2018-10-24,140.4
2018-10-25,139.9
2018-10-26,139.1
2018-10-29,138.0
2018-10-30,137.2
2018-10-31,136.6
2018-11-01,136.1
2018-11-02,135.7
2018-11-05,135.4
2018-11-06,134.5
2018-11-07,133.4
2018-11-08,132.2
2018-11-09,130.7
2018-11-12,129.1
2018-11-13,127.7
2018-11-14,126.8
2018-11-15,126.1
2018-11-16,125.2
2018-11-19,124.3
2018-11-20,123.7
2018-11-21,123.0
2018-11-22,122.5
2018-11-23,122.2
2018-11-26,121.9
2018-11-27,121.3
2018-11-28,120.2
2018-11-29,118.8
2018-11-30,117.8
2018-12-03,116.2
2018-12-04,115.3
2018-12-05,114.8
2018-12-06,114.7
2018-12-07,114.8
2018-12-10,115.2
2018-12-11,115.2
2018-12-12,115.5
2018-12-13,115.6
2018-12-14,115.8
2018-12-17,115.8
2018-12-18,115.9
2018-12-19,116.1
2018-12-20,116.2
2018-12-21,116.0
2018-12-24,115.6
2018-12-25,115.2
2018-12-26,114.7
2018-12-27,114.7
2018-12-28,113.2
2018-12-31,112.0
2019-01-01,112.1
2019-01-02,112.0
2019-01-03,112.1
2019-01-04,112.2
2019-01-07,113.0
2019-01-08,113.7
2019-01-09,114.9
2019-01-10,115.1
2019-01-11,116.4
2019-01-14,116.7
2019-01-15,117.1
2019-01-16,117.0
2019-01-17,116.9
2019-01-18,117.0
2019-01-21,117.1
2019-01-22,117.0
2019-01-23,117.1
2019-01-24,117.5
2019-01-25,117.6
2019-01-28,117.4
2019-01-29,117.3
2019-01-30,116.9
2019-01-31,116.2
2019-02-01,115.7
2019-02-04,115.7
2019-02-05,115.4
2019-02-06,115.9
2019-02-07,116.4
2019-02-08,117.0
2019-02-11,117.6
2019-02-12,118.5
2019-02-13,118.7
2019-02-14,118.9
2019-02-15,119.1
2019-02-18,119.5
2019-02-19,119.9
2019-02-20,120.8
2019-02-21,121.4
2019-02-22,121.6
2019-02-25,122.9
2019-02-26,123.4
2019-02-27,123.6
2019-02-28,123.6
2019-03-01,123.8
2019-03-04,123.9
2019-03-05,124.0
2019-03-06,124.1
2019-03-07,124.4
2019-03-08,124.9
2019-03-11,126.1
2019-03-12,126.6
2019-03-13,127.2
2019-03-14,128.2
2019-03-15,128.4
2019-03-18,129.6
2019-03-19,130.0
2019-03-20,130.2
2019-03-21,130.7
2019-03-22,131.1
2019-03-25,131.2
2019-03-26,131.3
2019-03-27,131.4
2019-03-28,131.4
2019-03-29,131.6
2019-04-01,131.6
2019-04-02,131.6
2019-04-03,131.6
2019-04-04,131.9
2019-04-05,132.1
2019-04-08,132.4
2019-04-09,132.5
2019-04-10,132.6
2019-04-11,132.8
2019-04-12,134.0
2019-04-15,134.6
2019-04-16,135.5
2019-04-17,135.8
2019-04-18,136.5
2019-04-19,136.6
2019-04-22,136.7
2019-04-23,136.5
2019-04-24,136.6
2019-04-25,136.7
2019-04-26,136.9
2019-04-29,138.2
2019-04-30,138.3
2019-05-01,138.2
2019-05-02,138.0
2019-05-03,137.9
2019-05-06,137.4
2019-05-07,136.5
2019-05-08,135.6
2019-05-09,134.9
2019-05-10,134.4
2019-05-13,133.6
2019-05-14,132.8
2019-05-15,132.8
2019-05-16,133.0
2019-05-17,133.3
2019-05-20,133.8
2019-05-21,135.2
2019-05-22,135.6
2019-05-23,136.0
2019-05-24,136.3
2019-05-27,136.2
2019-05-28,135.3
2019-05-29,134.8
2019-05-30,134.2
2019-05-31,133.2
2019-06-03,131.2
2019-06-04,130.3
2019-06-05,128.6
2019-06-06,125.7
2019-06-07,126.6
2019-06-10,123.1
2019-06-11,122.9
2019-06-12,122.5
2019-06-13,122.8
2019-06-14,122.9
2019-06-17,123.3
2019-06-18,123.4
2019-06-19,123.3
2019-06-20,123.2
2019-06-21,123.2
2019-06-24,123.5
2019-06-25,124.1
2019-06-26,124.4
2019-06-27,125.0
2019-06-28,125.8
2019-07-01,127.6
2019-07-02,127.7
2019-07-03,127.9
2019-07-04,128.1
2019-07-05,128.1
2019-07-08,128.3
2019-07-09,128.5
2019-07-10,128.6
2019-07-11,128.8
2019-07-12,130.3
2019-07-15,130.7
2019-07-16,131.6
2019-07-17,132.6
2019-07-18,133.0
2019-07-19,133.0
2019-07-22,132.9
2019-07-23,132.4
2019-07-24,131.1
2019-07-25,130.9
2019-07-26,129.7
2019-07-29,128.9
2019-07-30,128.9
2019-07-31,128.7
2019-08-01,129.0
2019-08-02,129.3
2019-08-05,129.7
2019-08-06,130.0
2019-08-07,130.0
2019-08-08,129.9
2019-08-09,129.5
2019-08-12,129.4
2019-08-13,129.3
2019-08-14,129.0
2019-08-15,129.0
2019-08-16,129.3
2019-08-19,129.5
2019-08-20,129.5
2019-08-21,129.6
2019-08-22,129.5
2019-08-23,129.5
2019-08-26,129.5
2019-08-27,129.5
2019-08-28,129.51749999999998
2019-08-29,129.4075
2019-08-30,129.265
2019-09-02,129.3
2019-09-03,129.4
2019-09-04,129.3
2019-09-05,128.7
2019-09-06,128.7
2019-09-09,128.0
2019-09-10,127.8
2019-09-11,127.8
2019-09-12,128.7
2019-09-13,130.0
2019-09-16,131.1
2019-09-17,131.2
2019-09-18,132.3
2019-09-19,134.3
2019-09-20,136.3
2019-09-23,138.5
2019-09-24,139.1
2019-09-25,140.2
2019-09-26,139.8
2019-09-27,139.8
2019-09-30,139.0
2019-10-01,137.3
2019-10-02,135.9
2019-10-03,134.8
2019-10-04,133.7
2019-10-07,133.3
2019-10-08,133.8
2019-10-09,134.0
2019-10-10,135.2
2019-10-11,135.6
2019-10-14,136.6
2019-10-15,137.1
2019-10-16,137.2
2019-10-17,137.1
2019-10-18,136.8
2019-10-21,136.7
2019-10-22,136.2
2019-10-23,135.3
2019-10-24,134.8
2019-10-25,133.7
2019-10-28,132.8
2019-10-29,132.3
2019-10-30,132.0
2019-10-31,131.7
2019-11-01,131.5
2019-11-04,130.9
2019-11-05,129.9
2019-11-06,130.1
2019-11-07,130.5
2019-11-08,131.3
2019-11-11,132.5
2019-11-12,134.4
2019-11-13,135.5
2019-11-14,136.4
2019-11-15,136.8
2019-11-18,137.3
2019-11-19,137.4
2019-11-20,137.2
2019-11-21,137.0
2019-11-22,136.5
2019-11-25,136.1
2019-11-26,136.0
2019-11-27,135.9
2019-11-28,136.0
2019-11-29,136.0
2019-12-02,136.0
2019-12-03,136.0
2019-12-04,136.0
2019-12-05,135.4
2019-12-06,135.1
2019-12-09,134.8
2019-12-10,134.6
2019-12-11,134.6
2019-12-12,134.7
2019-12-13,134.9
2019-12-16,134.7
2019-12-17,134.2
2019-12-18,133.7
2019-12-19,133.2
2019-12-20,132.9
2019-12-23,133.1
2019-12-24,133.1
2019-12-25,133.5
2019-12-26,133.6
2019-12-27,133.8
2019-12-30,135.1
2019-12-31,135.7
2020-01-01,135.7
2020-01-02,135.7
2020-01-03,135.0
2020-01-06,134.1
2020-01-07,133.7
2020-01-08,133.8
2020-01-09,134.0
2020-01-10,134.2
2020-01-13,134.1
2020-01-14,134.2
2020-01-15,133.2
2020-01-16,132.5
2020-01-17,131.9
2020-01-20,131.6
2020-01-21,131.0
2020-01-22,130.7
2020-01-23,130.5
2020-01-24,130.5
2020-01-27,130.3
2020-01-28,130.2
2020-01-29,129.3
2020-01-30,128.3
2020-01-31,127.4
2020-02-03,127.4
2020-02-04,126.6
2020-02-05,126.4
2020-02-06,126.1
2020-02-07,125.7
2020-02-10,125.5
2020-02-11,125.1
2020-02-12,125.1
2020-02-13,125.3
2020-02-14,125.5
2020-02-17,125.8
2020-02-18,126.0
2020-02-19,126.1
2020-02-20,126.1
2020-02-21,126.6
2020-02-24,126.9
2020-02-25,127.4
2020-02-26,127.5
2020-02-27,127.4
2020-02-28,127.0
2020-03-02,125.7
2020-03-03,124.0
2020-03-04,122.0
2020-03-05,121.1
2020-03-06,120.5
2020-03-09,120.5
2020-03-10,119.3
2020-03-11,117.0
2020-03-12,114.4
2020-03-13,113.0
2020-03-16,110.4
2020-03-17,107.9
2020-03-18,104.4
2020-03-19,103.7
2020-03-20,96.4
2020-03-23,94.8
2020-03-24,94.2
2020-03-25,92.1
2020-03-26,90.2
2020-03-27,88.8
2020-03-30,87.6
2020-03-31,86.0
2020-04-01,84.9
2020-04-02,84.2
2020-04-03,83.6
2020-04-06,83.3
2020-04-07,83.4
2020-04-08,84.0
2020-04-09,84.2
2020-04-10,84.5
2020-04-13,84.6
2020-04-14,83.8
2020-04-15,82.3
2020-04-16,81.1
2020-04-17,80.6
2020-04-20,80.6
2020-04-21,81.2
2020-04-22,82.0
2020-04-23,82.2
2020-04-24,82.5
2020-04-27,82.6
2020-04-28,83.2
2020-04-29,83.9
2020-04-30,84.3
2020-05-01,85.8
2020-05-04,86.5
2020-05-05,87.5
2020-05-06,88.4
2020-05-07,90.1
2020-05-08,90.9
2020-05-11,92.3
2020-05-12,93.4
2020-05-13,94.5
2020-05-14,95.3
2020-05-15,95.1
2020-05-18,94.9
2020-05-19,94.8
2020-05-20,95.1
2020-05-21,96.0
2020-05-22,96.7
2020-05-25,97.2
2020-05-26,97.8
2020-05-27,97.7
2020-05-28,97.6
2020-05-29,97.3
2020-06-01,96.6
2020-06-02,96.6
2020-06-03,97.0
2020-06-04,97.5
2020-06-05,98.4
2020-06-08,98.8
2020-06-09,99.9
2020-06-10,101.0
2020-06-11,102.1
2020-06-12,102.4
2020-06-15,102.7
2020-06-16,102.5
2020-06-17,102.1
2020-06-18,102.2
2020-06-19,102.7
2020-06-22,103.6
2020-06-23,104.2
2020-06-24,105.7
2020-06-25,106.8
2020-06-26,106.7
2020-06-29,106.2
2020-06-30,105.5
2020-07-01,104.7
2020-07-02,104.0
2020-07-03,103.3
2020-07-06,103.2
2020-07-07,103.6
2020-07-08,104.3
2020-07-09,104.7
2020-07-10,104.9
2020-07-13,104.9
2020-07-14,105.0
2020-07-15,104.8
2020-07-16,104.3
2020-07-17,104.1
2020-07-20,104.0
2020-07-21,103.7
2020-07-22,103.5
2020-07-23,103.4
2020-07-24,103.2
2020-07-27,103.2
2020-07-28,103.1
2020-07-29,103.1
2020-07-30,102.7
2020-07-31,102.5
2020-08-03,102.1
2020-08-04,101.9
2020-08-05,101.4
2020-08-06,101.2
2020-08-07,101.4
2020-08-10,101.9
2020-08-11,102.2
2020-08-12,102.8
2020-08-13,103.7
2020-08-14,104.0
2020-08-17,104.3
2020-08-18,104.4
2020-08-19,104.5
2020-08-20,104.6
2020-08-21,104.7
2020-08-24,104.8
2020-08-25,104.8
2020-08-26,104.9
2020-08-27,105.1
2020-08-28,105.2
2020-08-31,105.3
2020-09-01,105.3
2020-09-02,105.2
2020-09-03,104.7
2020-09-04,104.3
2020-09-07,103.7
2020-09-08,103.3
2020-09-09,103.0
2020-09-10,102.4
2020-09-11,101.9
2020-09-14,101.5
2020-09-15,101.2
2020-09-16,100.8
2020-09-17,100.8
2020-09-18,101.1
2020-09-21,101.3
2020-09-22,102.2
2020-09-23,102.9
2020-09-24,103.4
2020-09-25,103.9
2020-09-28,104.0
2020-09-29,104.0
2020-09-30,104.3
2020-10-01,104.9
2020-10-02,105.1
2020-10-05,105.1
2020-10-06,104.8
2020-10-07,104.2
2020-10-08,103.9
2020-10-09,103.8
2020-10-12,104.0
2020-10-13,104.1
2020-10-14,104.1
2020-10-15,103.9
2020-10-16,103.9
2020-10-19,103.4
2020-10-20,103.2
2020-10-21,103.1
2020-10-22,103.2
2020-10-23,103.3
2020-10-26,103.3
2020-10-27,103.3
2020-10-28,102.9
2020-10-29,102.4
2020-10-30,101.8
2020-11-02,101.6
2020-11-03,100.8
2020-11-04,100.1
2020-11-05,99.8
2020-11-06,99.6
2020-11-09,99.7
2020-11-10,99.9
2020-11-11,100.3
2020-11-12,100.7
2020-11-13,101.7
2020-11-16,102.1
2020-11-17,102.4
2020-11-18,102.8
2020-11-19,102.9
2020-11-20,102.5
2020-11-23,102.3
2020-11-24,102.3
2020-11-25,102.4
2020-11-26,103.0
2020-11-27,103.7
2020-11-30,104.1
2020-12-01,105.0
2020-12-02,105.4
2020-12-03,105.7
2020-12-04,105.7
2020-12-07,105.7
2020-12-08,105.7
2020-12-09,105.8
2020-12-10,105.9
2020-12-11,106.2
2020-12-14,106.5
2020-12-15,106.8
2020-12-16,107.1
2020-12-17,107.4
2020-12-18,107.8
2020-12-21,108.1
2020-12-22,108.2
2020-12-23,108.3
2020-12-24,108.2
2020-12-25,108.3
2020-12-28,108.3
2020-12-29,108.3
2020-12-30,108.5
2020-12-31,108.7
2021-01-01,108.8
2021-01-04,108.8
2021-01-05,108.8
2021-01-06,108.8
2021-01-07,108.8
2021-01-08,108.9
2021-01-11,109.4
2021-01-12,109.9
2021-01-13,110.3
2021-01-14,111.0
2021-01-15,111.6
2021-01-18,112.0
2021-01-19,112.3
2021-01-20,112.3
2021-01-21,112.2
2021-01-22,112.1
2021-01-25,112.0
2021-01-26,112.0
2021-01-27,112.0
2021-01-28,112.1
2021-01-29,112.2
2021-02-01,112.5
2021-02-02,112.9
2021-02-03,113.2
2021-02-04,113.6
2021-02-05,114.2
2021-02-08,114.7
2021-02-09,115.9
2021-02-10,116.7
2021-02-11,117.3
2021-02-12,117.5
2021-02-15,117.5
2021-02-16,117.4
2021-02-17,117.7
2021-02-18,118.0
2021-02-19,118.8
2021-02-22,119.2
2021-02-23,120.0
2021-02-24,120.2
2021-02-25,120.4
2021-02-26,120.8
2021-03-01,120.9
2021-03-02,121.4
2021-03-03,121.7
2021-03-04,122.1
2021-03-05,122.1
2021-03-08,122.2
2021-03-09,122.5
2021-03-10,123.0
2021-03-11,123.6
2021-03-12,123.9
2021-03-15,124.5
2021-03-16,126.2
2021-03-17,126.5
2021-03-18,126.8
2021-03-19,126.9
2021-03-22,126.9
2021-03-23,126.1
2021-03-24,125.2
2021-03-25,124.5
2021-03-26,123.7
2021-03-29,123.5
2021-03-30,123.5
2021-03-31,123.8
2021-04-01,124.4
2021-04-02,124.7
2021-04-05,124.9
2021-04-06,125.0
2021-04-07,125.7
2021-04-08,125.5
2021-04-09,125.1
2021-04-12,124.9
2021-04-13,124.4
2021-04-14,124.2
2021-04-15,124.7
2021-04-16,124.4
2021-04-19,124.8
2021-04-20,125.4
2021-04-21,125.9
2021-04-22,126.4
2021-04-23,126.5
2021-04-26,126.3
2021-04-27,126.0
2021-04-28,125.5
2021-04-29,125.0
2021-04-30,124.8
2021-05-03,125.0
2021-05-04,125.4
2021-05-05,125.9
2021-05-06,126.6
2021-05-07,127.3
2021-05-10,127.6
2021-05-11,127.7
2021-05-12,127.6
2021-05-13,127.1
2021-05-14,126.9
2021-05-17,126.7
2021-05-18,126.1
2021-05-19,125.9
2021-05-20,126.0
2021-05-21,126.1
2021-05-24,125.9
2021-05-25,125.8
2021-05-26,125.9
2021-05-27,125.9
2021-05-28,126.1
2021-05-31,126.2
2021-06-01,127.0
2021-06-02,127.3
2021-06-03,127.4
2021-06-04,127.5
2021-06-07,127.7
2021-06-08,128.0
2021-06-09,128.1
2021-06-10,128.3
2021-06-11,128.6
2021-06-14,128.8
2021-06-15,129.0
2021-06-16,129.2
2021-06-17,129.6
2021-06-18,130.2
2021-06-21,130.6
2021-06-22,131.0
2021-06-23,131.3
2021-06-24,131.7
2021-06-25,132.5
2021-06-28,133.1
2021-06-29,133.8
2021-06-30,134.3
2021-07-01,134.4
2021-07-02,134.7
2021-07-05,135.1
2021-07-06,135.7
2021-07-07,136.3
2021-07-08,137.6
2021-07-09,138.1
2021-07-12,138.1
2021-07-13,138.0
2021-07-14,137.8
2021-07-15,137.7
2021-07-16,137.8
2021-07-19,137.8
2021-07-20,137.7
2021-07-21,137.5
2021-07-22,137.1
2021-07-23,136.5
2021-07-26,136.4
2021-07-27,136.6
2021-07-28,136.6
2021-07-29,137.6
2021-07-30,138.0
2021-08-02,138.8
2021-08-03,139.5
2021-08-04,139.3
2021-08-05,139.8
2021-08-06,139.4
2021-08-09,139.4
2021-08-10,138.3
2021-08-11,137.8
2021-08-12,137.6
2021-08-13,137.6
2021-08-16,137.7
2021-08-17,137.9
2021-08-18,137.6
2021-08-19,137.3
2021-08-20,137.3
2021-08-23,136.1
2021-08-24,136.2
2021-08-25,135.1
2021-08-26,135.0
2021-08-27,135.1
2021-08-30,135.3
2021-08-31,136.0
2021-09-01,136.8
2021-09-02,137.0
2021-09-03,136.9
2021-09-06,136.7
2021-09-07,136.6
2021-09-08,136.5
2021-09-09,136.3
2021-09-10,136.3
2021-09-13,136.4
2021-09-14,136.4
2021-09-15,136.7
2021-09-16,137.2
2021-09-17,137.8
2021-09-20,138.2
2021-09-21,138.9
2021-09-22,139.2
2021-09-23,139.6
2021-09-24,139.9
2021-09-27,140.4
2021-09-28,141.0
2021-09-29,141.5
2021-09-30,142.4
2021-10-01,142.6
2021-10-04,143.9
2021-10-05,144.1
2021-10-06,144.8
2021-10-07,145.6
2021-10-08,146.5
2021-10-11,146.8
2021-10-12,147.9
2021-10-13,148.8
2021-10-14,149.5
2021-10-15,150.1
2021-10-18,151.1
2021-10-19,152.0
2021-10-20,152.9
2021-10-21,153.3
2021-10-22,153.8
2021-10-25,154.1
2021-10-26,154.7
2021-10-27,155.5
2021-10-28,156.4
2021-10-29,156.9
2021-11-01,156.9
2021-11-02,156.6
2021-11-03,156.0
2021-11-04,155.6
2021-11-05,155.5
2021-11-08,155.3
2021-11-09,154.8
2021-11-10,154.2
2021-11-11,153.7
2021-11-12,153.4
2021-11-15,153.2
2021-11-16,152.8
2021-11-17,152.2
2021-11-18,151.9
2021-11-19,151.2
2021-11-22,150.4
2021-11-23,149.7
2021-11-24,148.7
2021-11-25,147.9
2021-11-26,147.8
2021-11-29,147.6
2021-11-30,146.6
2021-12-01,145.9
2021-12-02,144.6
2021-12-03,143.0
2021-12-06,141.6
2021-12-07,141.0
2021-12-08,140.9
2021-12-09,141.6
2021-12-10,142.7
2021-12-13,143.9
2021-12-14,145.3
2021-12-15,146.8
2021-12-16,147.2
2021-12-17,146.6
2021-12-20,146.4
2021-12-21,146.3
2021-12-22,145.2
2021-12-23,145.0
2021-12-24,145.0
2021-12-27,144.9
2021-12-28,145.0
2021-12-29,145.6
2021-12-30,146.4
2021-12-31,147.8
2022-01-03,148.4
2022-01-04,148.6
2022-01-05,149.2
2022-01-06,149.6
2022-01-07,149.8
2022-01-10,150.1
2022-01-11,150.5
2022-01-12,150.9
2022-01-13,151.1
2022-01-14,151.6
2022-01-17,152.3
2022-01-18,152.7
2022-01-19,153.6
2022-01-20,154.3
2022-01-21,155.2
2022-01-24,156.0
2022-01-25,156.3
2022-01-26,156.7
2022-01-27,156.9
2022-01-28,157.8
2022-01-31,159.3
2022-02-01,161.3
2022-02-02,162.6
2022-02-03,163.4
2022-02-04,164.0
2022-02-07,164.5
2022-02-08,165.4
2022-02-09,165.8
2022-02-10,165.9
2022-02-11,166.1
2022-02-14,166.5
2022-02-15,167.1
2022-02-16,168.0
2022-02-17,168.9
2022-02-18,169.4
2022-02-21,169.3
2022-02-22,169.0
2022-02-23,168.8
2022-02-24,169.1
2022-02-25,169.0
2022-02-28,170.3
2022-03-01,171.7
2022-03-02,172.7
2022-03-03,173.9
2022-03-04,177.2
2022-03-07,178.3
2022-03-08,183.2
2022-03-09,186.8
2022-03-10,191.2
2022-03-11,196.3
2022-03-14,198.0
2022-03-15,197.8
2022-03-16,195.9
2022-03-17,193.7
2022-03-18,188.2
2022-03-21,186.8
2022-03-22,185.2
2022-03-23,185.2
2022-03-24,186.4
2022-03-25,187.2
2022-03-28,188.3
2022-03-29,187.9
2022-03-30,175.0
2022-03-31,161.4
2022-04-01,160.0
2022-04-04,158.7
2022-04-05,156.9
2022-04-06,155.6
2022-04-07,155.0
2022-04-08,154.3
2022-04-11,153.4
2022-04-12,153.1
2022-04-13,152.6
2022-04-14,152.1
2022-04-15,152.2
2022-04-18,152.6
2022-04-19,154.1
2022-04-20,157.4
2022-04-21,159.7
2022-04-22,161.3
2022-04-25,161.9
2022-04-26,162.2
2022-04-27,162.3
2022-04-28,162.9
2022-04-29,164.3
2022-05-02,165.6
2022-05-03,167.3
2022-05-04,167.7
2022-05-05,170.5
2022-05-06,174.0
2022-05-09,175.9
2022-05-10,178.2
2022-05-11,179.3
2022-05-12,179.8
2022-05-13,179.9
2022-05-16,180.4
2022-05-17,181.2
2022-05-18,182.2
2022-05-19,185.0
2022-05-20,187.7
2022-05-23,189.5
2022-05-24,190.7
2022-05-25,190.7
2022-05-26,189.6
2022-05-27,188.7
2022-05-30,188.3
2022-05-31,188.2
2022-06-01,189.4
2022-06-02,190.4
2022-06-03,190.5
2022-06-06,190.1
2022-06-07,189.6
2022-06-08,189.6
2022-06-09,189.5
2022-06-10,190.0
2022-06-13,191.5
2022-06-14,193.4
2022-06-15,194.6
2022-06-16,197.0
2022-06-17,198.2
2022-06-20,200.0
2022-06-21,200.2
2022-06-22,200.4
2022-06-23,200.6
2022-06-24,200.2
2022-06-27,200.4
2022-06-28,200.6
2022-06-29,200.6
2022-06-30,200.0
2022-07-01,200.8
2022-07-04,199.7
2022-07-05,198.4
2022-07-06,197.6
2022-07-07,195.6
2022-07-08,192.3
2022-07-11,186.8
2022-07-12,183.2
2022-07-13,180.1
2022-07-14,175.5
2022-07-15,171.9
2022-07-18,168.3
2022-07-19,165.6
2022-07-20,164.7
2022-07-21,163.0
2022-07-22,162.5
2022-07-25,161.1
2022-07-26,159.6
2022-07-27,158.1
2022-07-28,157.7
2022-07-29,157.8
2022-08-01,158.9
2022-08-02,161.1
2022-08-03,162.1
2022-08-04,160.9
2022-08-05,159.9
2022-08-08,159.1
2022-08-09,156.2
2022-08-10,154.2
2022-08-11,153.4
2022-08-12,151.9
2022-08-15,151.8
2022-08-16,153.0
2022-08-17,153.0
2022-08-18,152.7
2022-08-19,153.0
2022-08-22,153.7
2022-08-23,154.4
2022-08-24,155.3
2022-08-25,156.4
2022-08-26,157.8
2022-08-29,158.3
2022-08-30,158.3
2022-08-31,158.2
2022-09-01,157.7
2022-09-02,155.4
2022-09-05,152.4
2022-09-06,151.3
2022-09-07,150.7
2022-09-08,150.3
2022-09-09,151.2
2022-09-12,151.4
2022-09-13,151.8
2022-09-14,152.4
2022-09-15,152.7
2022-09-16,152.7
2022-09-19,153.0
2022-09-20,151.4
2022-09-21,149.5
2022-09-22,148.5
2022-09-23,147.9
2022-09-26,146.4
2022-09-27,145.9
2022-09-28,151.9
2022-09-29,170.6
2022-09-30,170.4
2022-10-03,170.2
2022-10-04,170.2
2022-10-05,170.8
2022-10-06,170.5
2022-10-07,170.9
2022-10-10,171.4
2022-10-11,172.2
2022-10-12,172.9
2022-10-13,173.7
2022-10-14,175.0
2022-10-17,175.6
2022-10-18,175.8
2022-10-19,175.7
2022-10-20,175.8
2022-10-21,175.3
2022-10-24,175.6
2022-10-25,175.6
2022-10-26,175.5
2022-10-27,175.6
2022-10-28,175.4
2022-10-31,174.4
2022-11-01,173.7
2022-11-02,173.3
2022-11-03,173.3
2022-11-04,173.9
2022-11-07,174.7
2022-11-08,177.0
2022-11-09,179.2
2022-11-10,180.6
2022-11-11,181.2
2022-11-14,181.0
2022-11-15,179.9
2022-11-16,179.1
2022-11-17,177.5
2022-11-18,176.0
2022-11-21,175.1
2022-11-22,174.0
2022-11-23,173.3
2022-11-24,173.1
2022-11-25,172.4
2022-11-28,172.0
2022-11-29,171.2
2022-11-30,169.5
2022-12-01,167.9
2022-12-02,166.7
2022-12-05,166.1
2022-12-06,165.3
2022-12-07,165.2
2022-12-08,164.9
2022-12-09,164.5
2022-12-12,163.4
2022-12-13,162.1
2022-12-14,160.4
2022-12-15,160.1
2022-12-16,159.8
2022-12-19,160.0
2022-12-20,160.7
2022-12-21,161.4
2022-12-22,162.0
2022-12-23,161.9
2022-12-26,162.3
2022-12-27,162.5
2022-12-28,164.3
2022-12-29,164.6
2022-12-30,166.5
2023-01-02,168.2
2023-01-03,168.7
2023-01-04,169.7
2023-01-05,169.7
2023-01-06,168.2
2023-01-09,167.6
2023-01-10,165.8
2023-01-11,164.7
2023-01-12,163.3
2023-01-13,162.7
2023-01-16,163.0
2023-01-17,163.9
2023-01-18,165.3
2023-01-19,165.7
2023-01-20,167.4
2023-01-23,168.6
2023-01-24,169.6
2023-01-25,170.1
2023-01-26,171.7
2023-01-27,172.1
2023-01-30,173.6
2023-01-31,173.7
2023-02-01,173.6
2023-02-02,172.3
2023-02-03,171.6
2023-02-06,170.3
2023-02-07,169.7
2023-02-08,169.2
2023-02-09,169.6
2023-02-10,170.1
2023-02-13,170.5
2023-02-14,171.2
2023-02-15,172.3
2023-02-16,172.7
2023-02-17,172.6
2023-02-20,172.6
2023-02-21,172.0
2023-02-22,171.7
2023-02-23,171.6
2023-02-24,171.2
2023-02-27,171.2
2023-02-28,171.5
2023-03-01,171.7
2023-03-02,172.0
2023-03-03,172.6
2023-03-06,173.0
2023-03-07,173.3
2023-03-08,174.4
2023-03-09,175.0
2023-03-10,175.4
2023-03-13,175.9
2023-03-14,175.7
2023-03-15,175.5
2023-03-16,175.2
2023-03-17,174.5
2023-03-20,173.3
2023-03-21,171.7
2023-03-22,169.8
2023-03-23,169.1
2023-03-24,168.6
2023-03-27,169.1
2023-03-28,170.4
2023-03-29,172.2
2023-03-30,173.9
2023-03-31,174.8
2023-04-03,175.1
2023-04-04,175.3
2023-04-05,176.4
2023-04-06,176.8
2023-04-07,177.5
2023-04-10,177.8
2023-04-11,179.4
2023-04-12,179.8
2023-04-13,180.4
2023-04-14,180.7
2023-04-17,180.7
2023-04-18,180.2
2023-04-19,179.6
2023-04-20,178.6
2023-04-21,177.4
2023-04-24,176.7
2023-04-25,175.2
2023-04-26,174.4
2023-04-27,173.1
2023-04-28,172.2
2023-05-01,171.6
2023-05-02,171.0
2023-05-03,170.0
2023-05-04,169.1
2023-05-05,167.6
2023-05-08,165.8
2023-05-09,164.5
2023-05-10,163.5
2023-05-11,162.4
2023-05-12,162.3
2023-05-15,162.9
2023-05-16,163.1
2023-05-17,163.4
2023-05-18,163.6
2023-05-19,163.7
2023-05-22,164.4
2023-05-23,166.1
2023-05-24,166.5
2023-05-25,167.8
2023-05-26,169.2
2023-05-29,169.7
2023-05-30,170.3
2023-05-31,170.4
2023-06-01,170.6
2023-06-02,170.1
2023-06-05,169.4
2023-06-06,169.1
2023-06-07,169.1
2023-06-08,168.5
2023-06-09,168.6
2023-06-12,168.8
2023-06-13,168.7
2023-06-14,168.2
2023-06-15,167.8
2023-06-16,167.2
2023-06-19,166.5
2023-06-20,166.2
2023-06-21,166.0
2023-06-22,166.0
2023-06-23,166.1
2023-06-26,166.2
2023-06-27,165.6
2023-06-28,165.1
2023-06-29,165.0
2023-06-30,164.1
2023-07-03,164.2
2023-07-04,164.6
2023-07-05,165.0
2023-07-06,164.9
2023-07-07,164.7
2023-07-10,164.6
2023-07-11,164.5
2023-07-12,164.8
2023-07-13,165.3
2023-07-14,166.9
2023-07-17,168.0
2023-07-18,168.7
2023-07-19,169.3
2023-07-20,170.1
2023-07-21,170.8
2023-07-24,171.7
2023-07-25,172.5
2023-07-26,174.5
2023-07-27,175.6
2023-07-28,176.6
2023-07-31,177.6
2023-08-01,179.6
2023-08-02,180.4
2023-08-03,181.5
2023-08-04,181.9
2023-08-07,181.7
2023-08-08,181.7
2023-08-09,181.7
2023-08-10,181.6
2023-08-11,181.6
2023-08-14,184.4
2023-08-15,185.7
2023-08-16,187.0
2023-08-17,187.9
2023-08-18,188.4
2023-08-21,188.6
2023-08-22,188.6
2023-08-23,188.3
2023-08-24,188.4
2023-08-25,188.4
2023-08-28,188.9
2023-08-29,189.4
2023-08-30,190.0
2023-08-31,189.9
2023-09-01,189.7
2023-09-04,189.6
2023-09-05,188.7
2023-09-06,189.0
2023-09-07,189.0
2023-09-08,189.3
2023-09-11,189.7
2023-09-12,190.8
2023-09-13,191.3
2023-09-14,192.6
2023-09-15,193.6
2023-09-18,194.5
2023-09-19,195.6
2023-09-20,197.2
2023-09-21,197.2
2023-09-22,196.7
2023-09-25,195.2
2023-09-26,194.0
2023-09-27,192.7
2023-09-28,190.5
2023-09-29,189.6
2023-10-02,188.6
2023-10-03,187.2
2023-10-04,186.3
2023-10-05,184.4
2023-10-06,183.1
2023-10-09,180.3
2023-10-10,179.4
2023-10-11,179.0
2023-10-12,178.2
2023-10-13,178.0
2023-10-16,178.2
2023-10-17,179.0
2023-10-18,179.7
2023-10-19,180.0
2023-10-20,180.8
2023-10-23,181.5
2023-10-24,181.9
2023-10-25,182.5
2023-10-26,182.9
2023-10-27,182.9
2023-10-30,183.1
2023-10-31,183.3
2023-11-01,182.8
2023-11-02,182.3
2023-11-03,181.8
2023-11-06,180.8
2023-11-07,180.1
2023-11-08,179.5
2023-11-09,178.6
2023-11-10,178.1
2023-11-13,177.6
2023-11-14,177.6
2023-11-15,177.7
2023-11-16,178.4
2023-11-17,178.1
2023-11-20,177.2
2023-11-21,175.5
2023-11-22,174.6
2023-11-23,173.5
2023-11-24,173.1
2023-11-27,173.2
2023-11-28,173.2
2023-11-29,173.0
2023-11-30,172.8
2023-12-01,172.8
2023-12-04,172.7
2023-12-05,171.7
2023-12-06,170.6
2023-12-07,169.6
2023-12-08,168.4
2023-12-11,167.1
2023-12-12,166.6
2023-12-13,166.2
2023-12-14,165.9
2023-12-15,165.4
2023-12-18,165.3
2023-12-19,165.6
2023-12-20,165.9
2023-12-21,166.3
2023-12-22,167.0
2023-12-25,167.0
2023-12-26,167.0
2023-12-27,166.6
2023-12-28,166.3
2023-12-29,166.1
2024-01-01,165.9
2024-01-02,165.7
2024-01-03,165.2
2024-01-04,164.7
2024-01-05,164.5
2024-01-08,165.2
2024-01-09,165.5
2024-01-10,165.6
2024-01-11,165.7
2024-01-12,166.0
2024-01-15,166.1
2024-01-16,167.1
2024-01-17,167.9
2024-01-18,169.2
2024-01-19,169.6
2024-01-22,172.1
2024-01-23,173.0
2024-01-24,174.3
2024-01-25,176.5
2024-01-26,177.3
2024-01-29,178.4
2024-01-30,181.2
2024-01-31,182.3
2024-02-01,182.6
2024-02-02,182.7
2024-02-05,183.1
2024-02-06,182.1
2024-02-07,181.1
2024-02-08,180.6
2024-02-09,180.2
2024-02-12,180.4
2024-02-13,181.3
2024-02-14,181.7
2024-02-15,182.6
2024-02-16,183.6
2024-02-19,183.6
2024-02-20,183.5
2024-02-21,183.4
2024-02-22,182.3
2024-02-23,181.5
2024-02-26,181.4
2024-02-27,181.1
2024-02-28,181.2
2024-02-29,181.8
2024-03-01,182.3
2024-03-04,182.4
2024-03-05,182.3
2024-03-06,182.0
2024-03-07,181.1
2024-03-08,180.6
2024-03-11,180.0
2024-03-12,179.4
2024-03-13,179.1
2024-03-14,178.9
2024-03-15,178.8
2024-03-18,179.1
2024-03-19,179.5
2024-03-20,181.1
2024-03-21,182.3
2024-03-22,183.0
2024-03-25,184.0
2024-03-26,184.9
2024-03-27,185.6
2024-03-28,186.0
2024-03-29,186.0
2024-04-01,186.0
2024-04-02,186.1
2024-04-03,186.3
2024-04-04,187.4
2024-04-05,187.7
2024-04-08,187.8
2024-04-09,187.6
2024-04-10,187.3
2024-04-11,186.7
2024-04-12,186.7
2024-04-15,187.1
2024-04-16,187.7
2024-04-17,188.6
2024-04-18,189.3
2024-04-19,189.8
2024-04-22,189.7
2024-04-23,189.6
2024-04-24,188.8
2024-04-25,188.6
2024-04-26,187.9
2024-04-29,187.5
2024-04-30,187.2
2024-05-01,186.9
2024-05-02,186.9
2024-05-03,186.0
2024-05-06,184.7
2024-05-07,182.6
2024-05-08,181.4
2024-05-09,179.9
2024-05-10,178.6
2024-05-13,177.9
2024-05-14,177.2
2024-05-15,176.5
2024-05-16,176.1
2024-05-17,175.6
2024-05-20,175.3
2024-05-21,175.2
2024-05-22,175.1
2024-05-23,175.0
2024-05-24,174.8
2024-05-27,174.5
2024-05-28,173.5
2024-05-29,172.8
2024-05-30,172.8
2024-05-31,172.3
2024-06-03,172.0
2024-06-04,171.1
2024-06-05,170.4
2024-06-06,169.4
2024-06-07,168.9
2024-06-10,168.8
2024-06-11,168.7
2024-06-12,169.5
2024-06-13,170.1
2024-06-14,170.5
2024-06-17,170.6
2024-06-18,170.9
2024-06-19,171.0
2024-06-20,171.4
2024-06-21,172.0
2024-06-24,172.7
2024-06-25,173.1
2024-06-26,173.5
2024-06-27,173.8
2024-06-28,174.2
2024-07-01,174.3
2024-07-02,174.7
2024-07-03,175.1
2024-07-04,175.8
2024-07-05,176.5
2024-07-08,176.7
2024-07-09,176.7
2024-07-10,176.4
2024-07-11,175.1
2024-07-12,174.6
2024-07-15,174.1
2024-07-16,173.6
2024-07-17,173.4
2024-07-18,173.2
2024-07-19,173.3
2024-07-22,173.3
2024-07-23,173.1
2024-07-24,172.5
2024-07-25,172.3
2024-07-26,171.9
2024-07-29,171.8
2024-07-30,172.0
2024-07-31,172.0
2024-08-01,171.9
2024-08-02,172.0
2024-08-05,172.6
2024-08-06,172.2
2024-08-07,170.6
2024-08-08,169.7
2024-08-09,168.5
2024-08-12,167.9
2024-08-13,167.5
2024-08-14,167.9
2024-08-15,168.3
2024-08-16,168.3
2024-08-19,168.1
2024-08-20,167.7
2024-08-21,167.0
2024-08-22,166.1
2024-08-23,164.8
2024-08-26,164.0
2024-08-27,163.1
2024-08-28,163.0
2024-08-29,162.9
2024-08-30,162.8
2024-09-02,162.8
2024-09-03,162.7
2024-09-04,162.3
2024-09-05,161.6
2024-09-06,160.7
2024-09-09,159.9
2024-09-10,158.6
2024-09-11,157.7
2024-09-12,156.7
2024-09-13,156.3
2024-09-16,156.3
2024-09-17,156.0
2024-09-18,156.2
2024-09-19,156.5
2024-09-20,157.4
2024-09-23,157.9
2024-09-24,158.8
2024-09-25,159.4
2024-09-26,159.6
2024-09-27,159.2
2024-09-30,158.2
2024-10-01,157.0
2024-10-02,155.8
2024-10-03,155.5
2024-10-04,155.5
2024-10-07,156.5
2024-10-08,158.3
2024-10-09,159.7
2024-10-10,161.6
2024-10-11,163.2
2024-10-14,163.7
2024-10-15,164.5
2024-10-16,164.0
2024-10-17,163.4
2024-10-18,162.9
2024-10-21,162.6
2024-10-22,162.2
2024-10-23,161.8
2024-10-24,161.8
2024-10-25,162.0
2024-10-28,161.8
2024-10-29,161.4
2024-10-30,161.0
2024-10-31,160.8
2024-11-01,160.5
2024-11-04,160.4
2024-11-05,161.0
2024-11-06,161.4
2024-11-07,162.1
2024-11-08,162.1
2024-11-11,162.2
2024-11-12,162.1
2024-11-13,161.7
2024-11-14,161.0
2024-11-15,161.0
2024-11-18,160.9
2024-11-19,160.7
2024-11-20,160.8
2024-11-21,161.2
2024-11-22,161.7
2024-11-25,162.3
2024-11-26,162.7
2024-11-27,163.4
2024-11-28,163.4
2024-11-29,163.5
2024-12-02,163.2
2024-12-03,162.8
2024-12-04,162.4
2024-12-05,162.2
2024-12-06,162.2
2024-12-09,162.5
2024-12-10,162.6
2024-12-11,162.8
2024-12-12,163.1
2024-12-13,163.4
2024-12-16,164.0
2024-12-17,165.0
2024-12-18,165.9
2024-12-19,166.4
2024-12-20,166.7
2024-12-23,166.8
2024-12-24,166.6
2024-12-25,166.3
2024-12-26,166.2
2024-12-27,166.2
2024-12-30,166.1
2024-12-31,166.2
2025-01-01,166.2
2025-01-02,166.3
2025-01-03,166.7
2025-01-06,167.3
2025-01-07,167.7
2025-01-08,168.4
2025-01-09,168.5
2025-01-10,168.6
2025-01-13,168.4
2025-01-14,168.2
2025-01-15,168.9
2025-01-16,169.7
2025-01-17,170.7
2025-01-20,171.5
2025-01-21,172.1
2025-01-22,171.9
2025-01-23,171.2
2025-01-24,170.6
2025-01-27,169.9
2025-01-28,169.7
2025-01-29,168.9
2025-01-30,168.8
2025-01-31,168.9
2025-02-03,169.3
2025-02-04,169.6
2025-02-05,170.1
2025-02-06,170.0
2025-02-07,169.9
2025-02-10,169.5
2025-02-11,169.1
2025-02-12,168.6
2025-02-13,168.6
2025-02-14,169.1
2025-02-17,169.2
2025-02-18,169.4
2025-02-19,169.6
2025-02-20,169.6
2025-02-21,169.8
2025-02-24,170.0
2025-02-25,170.1
2025-02-26,169.6
2025-02-27,169.0
2025-02-28,167.9
2025-03-03,167.4
2025-03-04,167.3
2025-03-05,166.7
2025-03-06,166.1
2025-03-07,165.5
2025-03-10,164.4
2025-03-11,163.7
2025-03-12,162.4
2025-03-13,161.3
2025-03-14,160.9
2025-03-17,161.0
2025-03-18,161.3
2025-03-19,161.8
2025-03-20,162.4
2025-03-21,162.5
2025-03-24,162.7
2025-03-25,162.9
2025-03-26,163.3
2025-03-27,163.9
2025-03-28,164.5
2025-03-31,165.2
2025-04-01,165.6
2025-04-02,165.8
2025-04-03,166.5
2025-04-04,167.1
2025-04-07,167.2
2025-04-08,166.3
2025-04-09,164.4
2025-04-10,162.7
2025-04-11,160.8
2025-04-14,158.6
2025-04-15,158.1
2025-04-16,156.1
2025-04-17,155.5
2025-04-18,155.2
2025-04-21,155.2
2025-04-22,155.3
2025-04-23,156.1
2025-04-24,156.3
2025-04-25,156.9
2025-04-28,157.0
2025-04-29,157.3
2025-04-30,157.7
2025-05-01,157.6
2025-05-02,157.2
2025-05-05,156.9
2025-05-06,156.4
2025-05-07,155.1
2025-05-08,154.3
2025-05-09,154.2
2025-05-12,154.0
2025-05-13,154.2
2025-05-14,154.6
2025-05-15,155.5
2025-05-16,156.3
2025-05-19,157.0
2025-05-20,157.3
2025-05-21,157.4
2025-05-22,157.3
2025-05-23,157.2
2025-05-26,157.1
2025-05-27,157.2
2025-05-28,157.1
2025-05-29,157.0
2025-05-30,156.9
2025-06-02,156.9
2025-06-03,156.8
2025-06-04,156.9
2025-06-05,157.0
2025-06-06,157.2
2025-06-09,157.1
2025-06-10,157.1
2025-06-11,157.2
2025-06-12,157.6
2025-06-13,157.8
2025-06-16,158.5
2025-06-17,159.6
2025-06-18,161.4
2025-06-19,162.7
2025-06-20,164.3
2025-06-23,165.9
2025-06-24,167.1
2025-06-25,168.4
2025-06-26,168.6
2025-06-27,167.5
2025-06-30,166.6
2025-07-01,165.5
2025-07-02,162.8
2025-07-03,161.3
2025-07-04,160.5
2025-07-07,160.1
2025-07-08,159.8
2025-07-09,159.8
2025-07-10,160.1
2025-07-11,160.6
2025-07-14,160.9
2025-07-15,160.8
2025-07-16,160.7
2025-07-17,160.5
2025-07-18,160.0
2025-07-21,159.8
2025-07-22,159.9
2025-07-23,159.7
2025-07-24,159.6
2025-07-25,159.5
2025-07-28,159.1
2025-07-29,158.9
2025-07-30,158.3
2025-07-31,158.3
2025-08-01,159.5
2025-08-04,161.3
2025-08-05,161.9
2025-08-06,162.9
2025-08-07,163.0
2025-08-08,163.0
2025-08-11,162.2
2025-08-12,161.9
2025-08-13,161.5
2025-08-14,161.6
2025-08-15,161.6
2025-08-18,161.8
2025-08-19,162.1
2025-08-20,162.2
2025-08-21,162.5
2025-08-22,163.1
2025-08-25,163.8
2025-08-26,164.4
2025-08-27,165.2
2025-08-28,165.5
2025-08-29,165.5
2025-09-01,165.2
2025-09-02,164.8
2025-09-03,164.9
2025-09-04,164.8
2025-09-05,164.9
2025-09-08,165.2
2025-09-09,165.3
2025-09-10,165.3
2025-09-11,165.1
2025-09-12,164.9
2025-09-15,164.5
2025-09-16,164.2
2025-09-17,164.2
2025-09-18,164.5
2025-09-19,164.4
2025-09-22,164.3
2025-09-23,164.2
2025-09-24,163.9
2025-09-25,163.2
2025-09-26,162.7
2025-09-29,162.5
2025-09-30,162.7
2025-10-01,163.2
2025-10-02,163.2
2025-10-03,163.2
2025-10-06,162.9
2025-10-07,162.0
2025-10-08,161.0
2025-10-09,160.5
2025-10-10,160.3
2025-10-13,160.5
2025-10-14,160.9
2025-10-15,161.3
2025-10-16,161.7
2025-10-17,161.6
2025-10-20,161.7
2025-10-21,161.6
2025-10-22,161.5
2025-10-23,161.2
2025-10-24,161.2
2025-10-27,161.6
2025-10-28,162.5
2025-10-29,163.0
2025-10-30,163.8
2025-10-31,164.4
2025-11-03,164.7
2025-11-04,164.5
2025-11-05,164.6
2025-11-06,164.5
2025-11-07,164.3
2025-11-10,164.6
2025-11-11,164.7
2025-11-12,164.7
2025-11-13,165.1
2025-11-14,165.7
2025-11-17,165.8
2025-11-18,165.9
2025-11-19,166.1
2025-11-20,166.2
2025-11-21,165.9
2025-11-24,165.6
2025-11-25,165.2
2025-11-26,164.6
2025-11-27,163.9
2025-11-28,163.8
2025-12-01,164.0
2025-12-02,164.5
2025-12-03,165.1
2025-12-04,165.7
2025-12-05,165.6
2025-12-08,165.4
2025-12-09,164.9
2025-12-10,164.2
2025-12-11,163.5
2025-12-12,162.9
2025-12-15,162.4
2025-12-16,162.3
2025-12-17,161.7
2025-12-18,161.0
2025-12-19,159.9
2025-12-22,159.0
2025-12-23,158.1
2025-12-24,156.9
2025-12-25,156.4
2025-12-26,156.3
2025-12-29,156.2
2025-12-30,155.9
2025-12-31,155.2
2026-01-01,154.8
2026-01-02,154.7
2026-01-05,154.5
2026-01-06,154.3
2026-01-07,154.0
2026-01-08,153.6
2026-01-09,153.0
2026-01-12,152.7
2026-01-13,152.6
2026-01-14,152.7
2026-01-15,153.0
2026-01-16,153.5
2026-01-19,154.0
2026-01-20,153.9
2026-01-21,154.2
2026-01-22,154.0
2026-01-23,153.9
2026-01-26,153.9
2026-01-27,153.9
2026-01-28,153.7
2026-01-29,153.3
2026-01-30,152.9
2026-02-02,153.7
2026-02-03,153.5
2026-02-04,152.8
2026-02-05,152.6
2026-02-06,152.4
2026-02-09,152.5
2026-02-10,152.6
2026-02-11,152.8
2026-02-12,153.4
2026-02-13,154.0
2026-02-16,154.1
2026-02-17,153.8
2026-02-18,153.2
2026-02-19,152.7
2026-02-20,152.1
2026-02-23,152.2
2026-02-24,153.4
2026-02-25,155.0
2026-02-26,155.7
2026-02-27,156.2
2026-03-02,157.1
2026-03-03,157.8
2026-03-04,160.2
2026-03-05,162.8
2026-03-06,168.9
2026-03-09,175.5
2026-03-10,188.6
2026-03-11,194.2
2026-03-12,205.2
2026-03-13,210.5
2026-03-16,218.9
2026-03-17,224.5
2026-03-18,230.1
2026-03-19,234.6
2026-03-20,237.3
2026-03-23,242.7
2026-03-24,244.3
2026-03-25,248.5
2026-03-26,249.3
2026-03-27,246.7
